uf,ano,estupro,estupro_vulneravel,estupro_feminino,estupro_vulneravel_feminino,estupro_masculino,estupro_vulneravel_masculino,estupro_nao_informado,estupro_vulneravel_nao_informado,inse,quantidade_alunos_inse,percentual_nivel_1,percentual_nivel_2,percentual_nivel_3,percentual_nivel_4,percentual_nivel_5,percentual_nivel_6,percentual_nivel_7,percentual_nivel_8,populacao,taxa_estupro_por_100k,taxa_estupro_vulneravel_por_100k
AC,2016,0,0,0.0,0.0,0.0,0.0,0.0,0.0,,,,,,,,,,,816687.0,0.0,0.0
AC,2017,0,0,0.0,0.0,0.0,0.0,0.0,0.0,,,,,,,,,,,829619.0,0.0,0.0
AC,2018,83,213,75.0,183.0,8.0,28.0,0.0,2.0,,,,,,,,,,,869265.0,9.548296549383675,24.50345981950268
AC,2019,139,238,128.0,209.0,10.0,27.0,1.0,2.0,4.57,28003.0,1.66,28.0,21.69,18.7,14.1,8.36,6.48,1.02,881935.0,15.760798698316771,26.986115756830156
AC,2020,102,300,93.0,262.0,8.0,27.0,1.0,11.0,,,,,,,,,,,894470.0,11.403400896620344,33.539414401824544
AC,2021,145,489,134.0,444.0,9.0,26.0,2.0,19.0,4.63,23143.0,2.24,23.36,21.19,20.75,15.21,9.32,6.79,1.14,906876.0,15.98895549115866,53.92137403570058
AC,2022,297,443,257.0,404.0,16.0,39.0,24.0,0.0,,,,,,,,,,,830018.0,35.782356527207845,53.37233650354571
AC,2023,282,459,263.0,408.0,6.0,43.0,13.0,8.0,,,,,,,,,,,830018.0,33.975166803611486,55.30000554204848
AC,2024,210,560,189.0,509.0,19.0,48.0,2.0,3.0,,,,,,,,,,,880631.0,23.846537312449822,63.590766166532866
AC,2025,123,482,121.0,453.0,2.0,28.0,0.0,1.0,,,,,,,,,,,884372.0,13.908174388153403,54.50195166739789
AC,2026,40,120,39.0,106.0,1.0,14.0,0.0,0.0,,,,,,,,,,,,,
AL,2016,160,500,153.0,401.0,7.0,99.0,0.0,0.0,,,,,,,,,,,3358963.0,4.763374886832633,14.885546521351976
AL,2017,247,573,228.0,484.0,19.0,89.0,0.0,0.0,,,,,,,,,,,3375823.0,7.316734319305248,16.973638724542134
AL,2018,186,591,169.0,503.0,16.0,85.0,1.0,3.0,,,,,,,,,,,3322820.0,5.597655003882244,17.786097351045196
AL,2019,207,598,192.0,525.0,15.0,69.0,0.0,4.0,4.45,93866.0,4.72,29.48,21.0,18.02,12.46,7.49,5.73,1.11,3337357.0,6.202512946622133,17.91837073468616
AL,2020,165,690,156.0,593.0,9.0,91.0,0.0,6.0,,,,,,,,,,,3351543.0,4.92310556660022,20.5875323694191
AL,2021,248,686,232.0,589.0,15.0,91.0,1.0,6.0,4.55,90919.0,3.29,23.22,23.04,21.7,14.65,8.19,5.14,0.77,3365351.0,7.369216465087891,20.384203609073765
AL,2022,247,857,238.0,762.0,8.0,89.0,1.0,6.0,,,,,,,,,,,3127683.0,7.897219763000278,27.400475048142667
AL,2023,245,928,235.0,810.0,9.0,108.0,1.0,10.0,,,,,,,,,,,3127683.0,7.83327466370473,29.67052607313465
AL,2024,303,1019,269.0,859.0,25.0,128.0,9.0,32.0,,,,,,,,,,,3220104.0,9.40963397455486,31.644940660301657
AL,2025,206,643,187.0,540.0,17.0,93.0,2.0,10.0,,,,,,,,,,,3220848.0,6.395831159992649,19.9636865819188
AL,2026,55,165,50.0,140.0,5.0,23.0,0.0,2.0,,,,,,,,,,,,,
AM,2016,393,673,335.0,533.0,32.0,97.0,26.0,43.0,,,,,,,,,,,4001667.0,9.820907136950677,16.817991102208154
AM,2017,364,666,318.0,536.0,36.0,110.0,10.0,20.0,,,,,,,,,,,4063614.0,8.957543703708078,16.389351941399948
AM,2018,300,701,280.0,587.0,19.0,109.0,1.0,5.0,,,,,,,,,,,4080611.0,7.351840202361852,17.17879993951886
AM,2019,292,709,270.0,609.0,21.0,100.0,1.0,0.0,4.55,143310.0,3.1,27.55,21.76,18.36,12.92,8.0,7.04,1.26,4144597.0,7.04531707184076,17.106608917585955
AM,2020,233,665,223.0,587.0,10.0,77.0,0.0,1.0,,,,,,,,,,,4207714.0,5.537448600356393,15.80430609114593
AM,2021,218,549,209.0,482.0,8.0,66.0,1.0,1.0,4.57,142430.0,3.87,24.53,20.8,19.71,14.23,8.89,6.78,1.17,4269995.0,5.105392395073062,12.857157912362895
AM,2022,278,686,264.0,572.0,13.0,113.0,1.0,1.0,,,,,,,,,,,3941613.0,7.052950150103524,17.40404245673028
AM,2023,295,791,267.0,684.0,27.0,103.0,1.0,4.0,,,,,,,,,,,3941613.0,7.484245662879638,20.06792650622981
AM,2024,390,1161,356.0,997.0,29.0,144.0,5.0,20.0,,,,,,,,,,,4281209.0,9.109576290248853,27.11850787943312
AM,2025,416,1353,391.0,1178.0,25.0,133.0,0.0,42.0,,,,,,,,,,,4321616.0,9.626028781826058,31.30773303319869
AM,2026,142,327,131.0,291.0,10.0,31.0,1.0,5.0,,,,,,,,,,,,,
AP,2016,454,0,411.0,0.0,39.0,0.0,4.0,0.0,,,,,,,,,,,782295.0,58.034373222377745,0.0
AP,2017,399,0,0.0,0.0,0.0,0.0,399.0,0.0,,,,,,,,,,,797722.0,50.017424616595754,0.0
AP,2018,453,0,405.0,0.0,44.0,0.0,4.0,0.0,,,,,,,,,,,829494.0,54.61160659389941,0.0
AP,2019,196,435,187.0,374.0,8.0,50.0,1.0,11.0,4.69,25435.0,1.58,22.59,22.0,19.93,14.27,9.55,8.54,1.54,845731.0,23.175217651948433,51.434794278559025
AP,2020,144,400,134.0,346.0,4.0,47.0,6.0,7.0,,,,,,,,,,,861773.0,16.709736786833655,46.41593551898237
AP,2021,185,478,179.0,422.0,5.0,52.0,1.0,4.0,4.76,20163.0,1.43,17.6,21.98,22.71,16.25,10.3,8.33,1.39,877613.0,21.079906519160495,54.465920627884955
AP,2022,162,551,155.0,488.0,5.0,53.0,2.0,10.0,,,,,,,,,,,733759.0,22.07809376103053,75.09277569338161
AP,2023,170,538,164.0,465.0,6.0,55.0,0.0,18.0,,,,,,,,,,,733759.0,23.16836999614315,73.3210768113236
AP,2024,174,685,154.0,601.0,13.0,61.0,7.0,23.0,,,,,,,,,,,802837.0,21.673141621524667,85.32242534910573
AP,2025,172,551,163.0,484.0,7.0,50.0,2.0,17.0,,,,,,,,,,,806517.0,21.326270865958186,68.31846073920327
AP,2026,39,107,38.0,92.0,1.0,10.0,0.0,5.0,,,,,,,,,,,,,
BA,2016,893,1987,831.0,1719.0,60.0,266.0,2.0,2.0,,,,,,,,,,,15276566.0,5.845554557221826,13.006849837849684
BA,2017,957,2460,893.0,2125.0,64.0,326.0,0.0,9.0,,,,,,,,,,,15344447.0,6.2367838997391045,16.0318583002698
BA,2018,979,2420,917.0,2125.0,61.0,292.0,1.0,3.0,,,,,,,,,,,14812617.0,6.609230495867139,16.337423697649108
BA,2019,1016,2469,955.0,2112.0,60.0,354.0,1.0,3.0,4.58,380543.0,2.98,24.15,21.54,20.77,14.85,8.63,6.08,1.01,14873064.0,6.831141182475918,16.600479901115197
BA,2020,859,2273,798.0,1968.0,58.0,297.0,3.0,8.0,,,,,,,,,,,14930634.0,5.753272098157386,15.22373396869818
BA,2021,2978,1123,2637.0,988.0,341.0,120.0,0.0,15.0,4.62,337361.0,2.47,20.01,22.98,23.43,16.33,8.74,5.31,0.73,14985284.0,19.872829904324803,7.494018798709455
BA,2022,1180,3709,1111.0,3251.0,66.0,426.0,3.0,32.0,,,,,,,,,,,14141626.0,8.344160706838096,26.227535645476692
BA,2023,1264,4013,1164.0,3487.0,85.0,457.0,15.0,69.0,,,,,,,,,,,14141626.0,8.938151808002843,28.377217725882442
BA,2024,1294,4227,1189.0,3617.0,92.0,500.0,13.0,110.0,,,,,,,,,,,14850513.0,8.713503701858649,28.463663174464077
BA,2025,1139,3999,1060.0,3373.0,63.0,539.0,16.0,87.0,,,,,,,,,,,14870907.0,7.659250373901203,26.89143305112459
BA,2026,275,810,257.0,668.0,17.0,122.0,1.0,20.0,,,,,,,,,,,,,
CE,2016,527,1143,489.0,948.0,38.0,195.0,0.0,0.0,,,,,,,,,,,8963663.0,5.8792928739065715,12.751483405835316
CE,2017,531,1224,482.0,1041.0,49.0,183.0,0.0,0.0,,,,,,,,,,,9020460.0,5.886617755635522,13.569152792651371
CE,2018,468,1322,426.0,1099.0,42.0,223.0,0.0,0.0,,,,,,,,,,,9075649.0,5.156656014352252,14.566451390969396
CE,2019,493,1479,455.0,1294.0,38.0,185.0,0.0,0.0,4.44,282527.0,4.88,29.65,21.09,17.98,12.62,7.39,5.47,0.92,9132078.0,5.398552224367773,16.19565667310332
CE,2020,357,1455,322.0,1226.0,34.0,229.0,1.0,0.0,,,,,,,,,,,9187103.0,3.885882198120561,15.837419042760269
CE,2021,363,1566,333.0,1369.0,29.0,193.0,1.0,4.0,4.53,284549.0,3.32,24.2,23.54,21.26,14.18,7.41,5.17,0.93,9240580.0,3.9283248454101365,16.94698817606687
CE,2022,397,1500,365.0,1323.0,31.0,174.0,1.0,3.0,,,,,,,,,,,8794957.0,4.513950437733806,17.055228354157958
CE,2023,363,1768,330.0,1525.0,29.0,231.0,4.0,12.0,,,,,,,,,,,8794957.0,4.127365261706226,20.10242915343418
CE,2024,349,1679,316.0,1440.0,31.0,231.0,2.0,8.0,,,,,,,,,,,9233656.0,3.7796513103802,18.18348008632767
CE,2025,340,1569,307.0,1328.0,33.0,229.0,0.0,12.0,,,,,,,,,,,9268836.0,3.6682060185335033,16.92769189140902
CE,2026,77,301,71.0,270.0,5.0,31.0,1.0,0.0,,,,,,,,,,,,,
DF,2016,632,0,554.0,0.0,70.0,0.0,8.0,0.0,,,,,,,,,,,2977216.0,21.227885380167244,0.0
DF,2017,805,0,698.0,0.0,103.0,0.0,4.0,0.0,,,,,,,,,,,3039444.0,26.48510714459618,0.0
DF,2018,322,538,289.0,461.0,33.0,77.0,0.0,0.0,,,,,,,,,,,2974703.0,10.824610053507863,18.08583915772432
DF,2019,293,462,268.0,359.0,21.0,103.0,4.0,0.0,5.54,72610.0,0.27,3.97,8.6,16.18,20.61,19.44,24.31,6.62,3015268.0,9.717212533015307,15.32202112714359
DF,2020,271,478,243.0,402.0,28.0,75.0,0.0,1.0,,,,,,,,,,,3055149.0,8.870271138985366,15.645718097546144
DF,2021,263,469,232.0,405.0,29.0,62.0,2.0,2.0,5.6,66261.0,0.19,3.03,7.69,15.63,20.98,19.79,24.27,8.42,3094325.0,8.499430408893701,15.156778942095611
DF,2022,252,623,227.0,518.0,24.0,105.0,1.0,0.0,,,,,,,,,,,2817381.0,8.944477158041456,22.11273519626916
DF,2023,327,718,292.0,580.0,35.0,136.0,0.0,2.0,,,,,,,,,,,2817381.0,11.606523931268082,25.484661109022884
DF,2024,333,741,308.0,600.0,25.0,141.0,0.0,0.0,,,,,,,,,,,2982818.0,11.163939603422,24.842280018425527
DF,2025,285,614,266.0,514.0,19.0,100.0,0.0,0.0,,,,,,,,,,,2996899.0,9.509829994270746,20.487844268358728
DF,2026,85,151,80.0,126.0,5.0,25.0,0.0,0.0,,,,,,,,,,,,,
ES,2016,0,0,0.0,0.0,0.0,0.0,0.0,0.0,,,,,,,,,,,3973697.0,0.0,0.0
ES,2017,0,0,0.0,0.0,0.0,0.0,0.0,0.0,,,,,,,,,,,4016356.0,0.0,0.0
ES,2018,1602,0,1143.0,0.0,173.0,0.0,286.0,0.0,,,,,,,,,,,3972388.0,40.32838685445631,0.0
ES,2019,1797,0,1289.0,0.0,222.0,0.0,286.0,0.0,5.08,98112.0,0.69,10.3,15.6,21.19,20.68,15.72,13.59,2.24,4018650.0,44.71650927550297,0.0
ES,2020,1543,0,1144.0,0.0,151.0,0.0,248.0,0.0,,,,,,,,,,,4064052.0,37.967033886377436,0.0
ES,2021,1510,0,1121.0,0.0,164.0,0.0,225.0,0.0,5.14,94800.0,0.63,7.79,14.11,21.78,22.55,17.12,13.88,2.15,4108508.0,36.75300133284394,0.0
ES,2022,1773,0,1390.0,0.0,171.0,0.0,212.0,0.0,,,,,,,,,,,3833712.0,46.24760545393081,0.0
ES,2023,457,1558,404.0,1182.0,38.0,293.0,15.0,83.0,,,,,,,,,,,3833712.0,11.920561586264174,40.63946378862053
ES,2024,1869,0,1532.0,0.0,257.0,0.0,80.0,0.0,,,,,,,,,,,4102129.0,45.56170710379903,0.0
ES,2025,398,1103,341.0,885.0,33.0,154.0,24.0,64.0,,,,,,,,,,,4126854.0,9.64415024132184,26.72738119642711
ES,2026,116,257,96.0,204.0,9.0,33.0,11.0,20.0,,,,,,,,,,,,,
GO,2016,560,1559,533.0,1307.0,27.0,250.0,0.0,2.0,,,,,,,,,,,6695855.0,8.363383018300127,23.283060938446248
GO,2017,702,2356,655.0,2018.0,47.0,333.0,0.0,5.0,,,,,,,,,,,6778772.0,10.355857963654774,34.75555749625448
GO,2018,808,2786,761.0,2362.0,42.0,401.0,5.0,23.0,,,,,,,,,,,6921161.0,11.67434192038012,40.25336211655819
GO,2019,916,2824,864.0,2421.0,44.0,384.0,8.0,19.0,5.16,180722.0,0.55,7.86,13.42,21.28,23.45,17.01,14.05,2.38,7018354.0,13.051493270359403,40.237354798575275
GO,2020,708,2594,662.0,2244.0,43.0,330.0,3.0,20.0,,,,,,,,,,,7113540.0,9.952850479508092,36.4656696946949
GO,2021,870,2690,817.0,2348.0,49.0,312.0,4.0,30.0,5.2,192835.0,0.46,6.09,12.55,21.94,24.84,17.96,14.06,2.11,7206589.0,12.07228551538044,37.32695176594641
GO,2022,828,3290,763.0,2833.0,58.0,412.0,7.0,45.0,,,,,,,,,,,7056495.0,11.733870710600659,46.62371333076832
GO,2023,795,3643,726.0,3102.0,60.0,485.0,9.0,56.0,,,,,,,,,,,7056495.0,11.266216443149183,51.626196858355314
GO,2024,793,3599,745.0,3073.0,38.0,470.0,10.0,56.0,,,,,,,,,,,7350483.0,10.788406693818624,48.96276884117683
GO,2025,749,3164,687.0,2641.0,53.0,457.0,9.0,66.0,,,,,,,,,,,7423629.0,10.089405060516897,42.62066436779101
GO,2026,174,655,157.0,542.0,16.0,102.0,1.0,11.0,,,,,,,,,,,,,
MA,2016,1090,0,847.0,0.0,195.0,0.0,48.0,0.0,,,,,,,,,,,6954036.0,15.674350837412979,0.0
MA,2017,1312,0,994.0,0.0,212.0,0.0,106.0,0.0,,,,,,,,,,,7000229.0,18.742244003731876,0.0
MA,2018,1286,0,990.0,0.0,223.0,0.0,73.0,0.0,,,,,,,,,,,7035055.0,18.27988551617578,0.0
MA,2019,1477,0,1223.0,0.0,190.0,0.0,64.0,0.0,4.22,233633.0,6.05,38.5,21.09,15.52,9.85,4.97,3.47,0.55,7075181.0,20.875791022166077,0.0
MA,2020,1418,0,1166.0,0.0,197.0,0.0,55.0,0.0,,,,,,,,,,,7114598.0,19.93085203127429,0.0
MA,2021,524,1492,485.0,1342.0,36.0,134.0,3.0,16.0,4.34,216656.0,5.22,30.46,23.72,19.51,11.88,5.77,3.03,0.41,7153262.0,7.32532933925809,20.857617126284484
MA,2022,455,1646,442.0,1527.0,13.0,119.0,0.0,0.0,,,,,,,,,,,6776699.0,6.714183409946347,24.289111852245465
MA,2023,397,1457,387.0,1345.0,10.0,112.0,0.0,0.0,,,,,,,,,,,6776699.0,5.858309480766374,21.50014335888314
MA,2024,379,1392,364.0,1246.0,15.0,146.0,0.0,0.0,,,,,,,,,,,7010960.0,5.405821741958305,19.85462761162523
MA,2025,432,1687,407.0,1510.0,25.0,176.0,0.0,1.0,,,,,,,,,,,7018211.0,6.15541482010159,24.037464818313385
MA,2026,103,414,93.0,365.0,10.0,49.0,0.0,0.0,,,,,,,,,,,,,
MG,2016,1789,3224,1660.0,2598.0,115.0,597.0,14.0,29.0,,,,,,,,,,,20997560.0,8.520037566269604,15.354164960119176
MG,2017,1803,3766,1682.0,3157.0,115.0,571.0,6.0,38.0,,,,,,,,,,,21119536.0,8.537119376107505,17.831831153866258
MG,2018,1777,4126,1676.0,3457.0,94.0,623.0,7.0,46.0,,,,,,,,,,,21040662.0,8.445551760681294,19.609649164080484
MG,2019,1536,4055,1443.0,3427.0,88.0,581.0,5.0,47.0,5.11,549942.0,0.96,10.78,13.92,19.88,20.97,16.43,14.72,2.35,21168791.0,7.255964688772259,19.155557820944992
MG,2020,1301,3598,1218.0,3062.0,79.0,501.0,4.0,35.0,,,,,,,,,,,21292666.0,6.110085040548703,16.897837029895644
MG,2021,1270,3808,1188.0,3294.0,70.0,476.0,12.0,38.0,5.21,462939.0,0.72,7.59,12.65,20.13,22.37,17.97,15.65,2.92,21411923.0,5.931274832251171,17.784483906466505
MG,2022,1173,3643,1117.0,3178.0,54.0,418.0,2.0,47.0,,,,,,,,,,,20539989.0,5.710811237532795,17.73613413327534
MG,2023,1284,4187,1194.0,3560.0,85.0,586.0,5.0,41.0,,,,,,,,,,,20539989.0,6.251220485074261,20.38462630140649
MG,2024,1477,4196,1384.0,3524.0,91.0,615.0,2.0,57.0,,,,,,,,,,,21322691.0,6.926893045535388,19.67856683755348
MG,2025,1369,4151,1262.0,3458.0,101.0,638.0,6.0,55.0,,,,,,,,,,,21393441.0,6.399157573575939,19.403143234414696
MG,2026,369,951,345.0,802.0,21.0,137.0,3.0,12.0,,,,,,,,,,,,,
MS,2016,2100,0,688.0,0.0,78.0,0.0,1334.0,0.0,,,,,,,,,,,2682386.0,78.28850881267648,0.0
MS,2017,2324,0,832.0,0.0,109.0,0.0,1383.0,0.0,,,,,,,,,,,2713147.0,85.65698799217293,0.0
MS,2018,2523,0,1964.0,0.0,289.0,0.0,270.0,0.0,,,,,,,,,,,2748023.0,91.81145863771883,0.0
MS,2019,2544,0,2165.0,0.0,313.0,0.0,66.0,0.0,5.16,77457.0,0.4,8.97,14.42,20.8,21.56,16.25,14.74,2.86,2778986.0,91.54418194262223,0.0
MS,2020,2369,0,2000.0,0.0,264.0,0.0,105.0,0.0,,,,,,,,,,,2809394.0,84.32423504855495,0.0
MS,2021,2398,147,1988.0,118.0,245.0,21.0,165.0,8.0,5.23,64941.0,0.43,6.59,12.43,20.99,23.5,17.21,15.57,3.28,2839188.0,84.46076836053125,5.177536675979189
MS,2022,2204,0,1922.0,0.0,214.0,0.0,68.0,0.0,,,,,,,,,,,2757013.0,79.94158895877531,0.0
MS,2023,2723,0,2367.0,0.0,284.0,0.0,72.0,0.0,,,,,,,,,,,2757013.0,98.76630977075553,0.0
MS,2024,2315,0,1968.0,0.0,259.0,0.0,88.0,0.0,,,,,,,,,,,2901895.0,79.77545707201674,0.0
MS,2025,1489,1198,1283.0,1013.0,176.0,152.0,30.0,33.0,,,,,,,,,,,2924631.0,50.912405701779136,40.96243252567589
MS,2026,294,292,252.0,239.0,31.0,39.0,11.0,14.0,,,,,,,,,,,,,
MT,2016,700,1298,644.0,1116.0,54.0,172.0,2.0,10.0,,,,,,,,,,,3305531.0,21.176627900328267,39.267518592322986
MT,2017,753,1374,693.0,1173.0,56.0,199.0,4.0,2.0,,,,,,,,,,,3344544.0,22.514279973592814,41.08183357731278
MT,2018,702,1553,642.0,1316.0,58.0,234.0,2.0,3.0,,,,,,,,,,,3441998.0,20.39513096753688,45.11914300938002
MT,2019,712,1554,660.0,1326.0,51.0,224.0,1.0,4.0,5.03,97099.0,0.37,10.96,16.95,22.68,21.23,14.2,11.42,2.2,3484466.0,20.4335470628785,44.5979383928556
MT,2020,666,1291,621.0,1115.0,45.0,176.0,0.0,0.0,,,,,,,,,,,3526220.0,18.887080216208858,36.61144228096942
MT,2021,624,1372,566.0,1178.0,58.0,193.0,0.0,1.0,5.15,83344.0,0.3,6.66,14.37,23.33,23.87,16.32,12.36,2.78,3567234.0,17.49254464383329,38.46117187714627
MT,2022,650,1552,595.0,1376.0,55.0,174.0,0.0,2.0,,,,,,,,,,,3658649.0,17.766120772995713,42.420029907214385
MT,2023,660,1839,622.0,1604.0,38.0,234.0,0.0,1.0,,,,,,,,,,,3658649.0,18.03944570796488,50.26445554082941
MT,2024,675,2040,608.0,1752.0,65.0,283.0,2.0,5.0,,,,,,,,,,,3836399.0,17.594624542442013,53.17486528382475
MT,2025,670,1667,626.0,1434.0,44.0,233.0,0.0,0.0,,,,,,,,,,,3887782.0,17.233476568387836,42.87791856642168
MT,2026,170,328,153.0,280.0,17.0,47.0,0.0,1.0,,,,,,,,,,,,,
PA,2016,1048,1954,988.0,1698.0,48.0,255.0,12.0,1.0,,,,,,,,,,,8272724.0,12.668136879702503,23.619789563872796
PA,2017,935,2398,899.0,2101.0,35.0,293.0,1.0,4.0,,,,,,,,,,,8366628.0,11.17535045181882,28.66148704113533
PA,2018,906,2753,851.0,2347.0,49.0,320.0,6.0,86.0,,,,,,,,,,,8513497.0,10.641925403861656,32.33688812012267
PA,2019,852,2742,802.0,2384.0,46.0,325.0,4.0,33.0,4.31,269993.0,5.06,35.74,21.7,16.2,10.29,5.74,4.52,0.75,8602865.0,9.903677437690815,31.873102739610584
PA,2020,750,2550,709.0,2265.0,41.0,282.0,0.0,3.0,,,,,,,,,,,8690745.0,8.629870051416766,29.341558174817003
PA,2021,693,2985,662.0,2669.0,31.0,309.0,0.0,7.0,4.39,236738.0,5.09,28.48,23.33,19.94,12.61,6.22,3.84,0.49,8777124.0,7.895524775541509,34.00886212841473
PA,2022,820,3735,772.0,3354.0,48.0,347.0,0.0,34.0,,,,,,,,,,,8120131.0,10.09835925060815,45.996794879294434
PA,2023,948,4600,899.0,4116.0,46.0,438.0,3.0,46.0,,,,,,,,,,,8120131.0,11.674688499483567,56.64933238146035
PA,2024,893,4364,834.0,3865.0,54.0,413.0,5.0,86.0,,,,,,,,,,,8664306.0,10.3066535277032,50.36756550380377
PA,2025,782,4722,720.0,4172.0,49.0,452.0,13.0,98.0,,,,,,,,,,,8711196.0,8.97695333683228,54.20610442010489
PA,2026,174,927,165.0,791.0,5.0,105.0,4.0,31.0,,,,,,,,,,,,,
PB,2016,464,0,426.0,0.0,37.0,0.0,1.0,0.0,,,,,,,,,,,3999415.0,11.601696748149417,0.0
PB,2017,365,0,300.0,0.0,62.0,0.0,3.0,0.0,,,,,,,,,,,4025558.0,9.067065981908595,0.0
PB,2018,258,0,239.0,0.0,18.0,0.0,1.0,0.0,,,,,,,,,,,3996496.0,6.4556551539148295,0.0
PB,2019,298,0,264.0,0.0,32.0,0.0,2.0,0.0,4.65,100773.0,3.04,23.51,20.71,19.27,14.53,9.27,7.91,1.76,4018127.0,7.416390771122964,0.0
PB,2020,312,0,296.0,0.0,16.0,0.0,0.0,0.0,,,,,,,,,,,4039277.0,7.724154594993114,0.0
PB,2021,511,0,421.0,0.0,37.0,0.0,53.0,0.0,4.65,89415.0,2.53,20.61,21.63,22.31,16.07,9.7,6.25,0.89,4059905.0,12.586501408284184,0.0
PB,2022,509,0,462.0,0.0,47.0,0.0,0.0,0.0,,,,,,,,,,,3974687.0,12.80603982150041,0.0
PB,2023,575,0,522.0,0.0,51.0,0.0,2.0,0.0,,,,,,,,,,,3974687.0,14.466547931950364,0.0
PB,2024,256,898,240.0,802.0,16.0,96.0,0.0,0.0,,,,,,,,,,,4145040.0,6.176056202111439,21.664447146469033
PB,2025,270,1081,254.0,959.0,16.0,122.0,0.0,0.0,,,,,,,,,,,4164468.0,6.483421171683874,25.957697357741733
PB,2026,62,250,58.0,215.0,4.0,34.0,0.0,1.0,,,,,,,,,,,,,
PE,2016,924,1560,832.0,1302.0,89.0,253.0,3.0,5.0,,,,,,,,,,,9410336.0,9.818990522761355,16.57751646699969
PE,2017,976,1577,898.0,1351.0,77.0,222.0,1.0,4.0,,,,,,,,,,,9473266.0,10.302677028175921,16.646845976878513
PE,2018,958,1996,875.0,1698.0,81.0,292.0,2.0,6.0,,,,,,,,,,,9496294.0,10.0881459651523,21.01872583136116
PE,2019,895,1945,793.0,1643.0,98.0,295.0,4.0,7.0,4.61,250843.0,3.02,23.25,21.58,20.3,14.67,8.98,7.06,1.13,9557071.0,9.364793878794035,20.35142356899933
PE,2020,791,1893,738.0,1636.0,52.0,244.0,1.0,13.0,,,,,,,,,,,9616621.0,8.225342352578936,19.684668866538466
PE,2021,769,1988,698.0,1736.0,67.0,238.0,4.0,14.0,4.67,247632.0,2.24,18.54,22.49,23.56,16.71,9.36,6.38,0.73,9674793.0,7.948490474163117,20.54824325440348
PE,2022,815,2083,750.0,1829.0,60.0,223.0,5.0,31.0,,,,,,,,,,,9058931.0,8.996646513810514,22.993883053088716
PE,2023,856,2252,798.0,1917.0,53.0,292.0,5.0,43.0,,,,,,,,,,,9056843.0,9.4514170114244,24.86517653005578
PE,2024,786,2006,735.0,1721.0,44.0,257.0,7.0,28.0,,,,,,,,,,,9539029.0,8.239832377068987,21.029394081934335
PE,2025,698,1733,630.0,1451.0,63.0,247.0,5.0,35.0,,,,,,,,,,,9562007.0,7.299722746490356,18.123810200097115
PE,2026,139,411,133.0,326.0,6.0,78.0,0.0,7.0,,,,,,,,,,,,,
PI,2016,189,572,171.0,492.0,17.0,78.0,1.0,2.0,,,,,,,,,,,3212180.0,5.883854578510544,17.80722126406366
PI,2017,220,717,196.0,619.0,20.0,95.0,4.0,3.0,,,,,,,,,,,3219257.0,6.833875021472346,22.272219956343964
PI,2018,230,706,218.0,618.0,11.0,82.0,1.0,6.0,,,,,,,,,,,3264531.0,7.045422451188241,21.62638369799521
PI,2019,264,767,243.0,654.0,18.0,95.0,3.0,18.0,4.35,98604.0,5.76,33.78,19.87,16.39,11.5,6.51,5.18,1.0,3273227.0,8.065435119531887,23.432533093488473
PI,2020,198,709,185.0,618.0,11.0,78.0,2.0,13.0,,,,,,,,,,,3281480.0,6.0338627692382705,21.606104562575425
PI,2021,209,942,186.0,828.0,22.0,99.0,1.0,15.0,4.44,92265.0,4.38,28.27,22.53,19.74,13.14,6.74,4.28,0.92,3289290.0,6.3539548048363015,28.638399168209553
PI,2022,281,1056,259.0,933.0,20.0,104.0,2.0,19.0,,,,,,,,,,,3271199.0,8.590122459685272,32.281741343158885
PI,2023,306,1157,297.0,1012.0,8.0,113.0,1.0,32.0,,,,,,,,,,,3271199.0,9.354368230119904,35.3692942557148
PI,2024,252,1146,229.0,975.0,17.0,132.0,6.0,39.0,,,,,,,,,,,3375646.0,7.465237764860415,33.94905745448427
PI,2025,283,1223,253.0,1027.0,19.0,138.0,11.0,58.0,,,,,,,,,,,3384547.0,8.361532577328665,36.13482099672423
PI,2026,58,185,54.0,159.0,3.0,19.0,1.0,7.0,,,,,,,,,,,,,
PR,2016,1217,3724,1086.0,3105.0,131.0,619.0,0.0,0.0,,,,,,,,,,,11242720.0,10.824782614883231,33.12365690864844
PR,2017,1448,4129,1297.0,3529.0,151.0,600.0,0.0,0.0,,,,,,,,,,,11320892.0,12.790511560396478,36.472391044804596
PR,2018,1467,5452,1324.0,4570.0,143.0,881.0,0.0,1.0,,,,,,,,,,,11348937.0,12.926320764667212,48.039741519403975
PR,2019,1516,5685,1365.0,4779.0,151.0,902.0,0.0,4.0,5.45,306314.0,0.15,4.26,8.98,16.71,22.84,21.4,21.7,3.95,11433957.0,13.258751978864359,49.720319920741346
PR,2020,1338,4953,1215.0,4188.0,121.0,764.0,2.0,1.0,,,,,,,,,,,11516840.0,11.617770152229257,43.00658861284867
PR,2021,1450,5111,1322.0,4394.0,127.0,714.0,1.0,3.0,5.5,301195.0,0.16,3.15,7.76,16.08,23.21,22.41,22.73,4.49,11597484.0,12.502711795075552,44.06990343767665
PR,2022,1619,5566,1477.0,4884.0,140.0,681.0,2.0,1.0,,,,,,,,,,,11444380.0,14.146681602673103,48.63522532456979
PR,2023,1751,6220,1610.0,5350.0,141.0,869.0,0.0,1.0,,,,,,,,,,,11444380.0,15.300086155824955,54.349820610640336
PR,2024,1925,6249,1753.0,5313.0,170.0,934.0,2.0,2.0,,,,,,,,,,,11824665.0,16.27953096345647,52.84716311202051
PR,2025,1512,5342,1376.0,4467.0,135.0,858.0,1.0,17.0,,,,,,,,,,,11890517.0,12.716015628252329,44.92655786119308
PR,2026,400,1174,372.0,976.0,28.0,197.0,0.0,1.0,,,,,,,,,,,,,
RJ,2016,4705,0,4013.0,0.0,609.0,0.0,83.0,0.0,,,,,,,,,,,16635996.0,28.282045751874428,0.0
RJ,2017,4952,0,4173.0,0.0,701.0,0.0,78.0,0.0,,,,,,,,,,,16718956.0,29.61907430105085,0.0
RJ,2018,5310,0,4543.0,0.0,700.0,0.0,67.0,0.0,,,,,,,,,,,17159960.0,30.94412807489062,0.0
RJ,2019,5450,0,4687.0,0.0,696.0,0.0,67.0,0.0,5.16,312708.0,0.52,8.13,14.86,21.41,21.34,15.87,15.19,2.68,17264943.0,31.566857764893868,0.0
RJ,2020,4746,0,4086.0,0.0,599.0,0.0,61.0,0.0,,,,,,,,,,,17366189.0,27.328966648929136,0.0
RJ,2021,5110,0,4429.0,0.0,627.0,0.0,54.0,0.0,5.13,290025.0,0.7,7.73,14.56,21.92,22.71,17.13,13.31,1.94,17463349.0,29.261283159375672,0.0
RJ,2022,5627,0,4907.0,0.0,651.0,0.0,69.0,0.0,,,,,,,,,,,16055174.0,35.047891726368086,0.0
RJ,2023,5528,0,4759.0,0.0,691.0,0.0,78.0,0.0,,,,,,,,,,,16055174.0,34.4312680759486,0.0
RJ,2024,5819,0,5013.0,0.0,724.0,0.0,82.0,0.0,,,,,,,,,,,17219679.0,33.792732140941766,0.0
RJ,2025,5867,0,5068.0,0.0,706.0,0.0,93.0,0.0,,,,,,,,,,,17223547.0,34.06383133509026,0.0
RJ,2026,964,0,816.0,0.0,129.0,0.0,19.0,0.0,,,,,,,,,,,,,
RN,2016,165,163,146.0,134.0,10.0,22.0,9.0,7.0,,,,,,,,,,,3474998.0,4.7482041716283,4.690650181669169
RN,2017,127,133,54.0,61.0,1.0,4.0,72.0,68.0,,,,,,,,,,,3507003.0,3.621325673231531,3.7924119255101867
RN,2018,200,234,164.0,174.0,7.0,32.0,29.0,28.0,,,,,,,,,,,3479010.0,5.748761860414313,6.7260513766847465
RN,2019,215,344,184.0,274.0,20.0,62.0,11.0,8.0,4.66,80286.0,2.44,21.78,20.75,20.85,16.61,9.82,6.86,0.89,3506853.0,6.130852932814692,9.809364692503506
RN,2020,216,493,204.0,421.0,9.0,68.0,3.0,4.0,,,,,,,,,,,3534165.0,6.11176897513274,13.949546781205743
RN,2021,190,593,176.0,496.0,11.0,86.0,3.0,11.0,4.74,69523.0,1.6,17.24,21.55,23.42,17.69,10.75,6.68,1.08,3560903.0,5.33572523598649,16.653079289157834
RN,2022,254,750,237.0,644.0,15.0,98.0,2.0,8.0,,,,,,,,,,,3302729.0,7.69060979571742,22.708493491291595
RN,2023,298,1070,280.0,877.0,14.0,157.0,4.0,36.0,,,,,,,,,,,3302729.0,9.022841413873193,32.39745071424268
RN,2024,294,982,273.0,828.0,19.0,123.0,2.0,31.0,,,,,,,,,,,3446071.0,8.531455097704022,28.496220768521603
RN,2025,356,991,322.0,821.0,25.0,129.0,9.0,41.0,,,,,,,,,,,3455236.0,10.30320360172214,28.681108902546743
RN,2026,88,121,50.0,86.0,38.0,34.0,0.0,1.0,,,,,,,,,,,,,
RO,2016,643,0,551.0,0.0,91.0,0.0,1.0,0.0,,,,,,,,,,,1787279.0,35.976475972693684,0.0
RO,2017,958,0,857.0,0.0,99.0,0.0,2.0,0.0,,,,,,,,,,,1805788.0,53.051631753007555,0.0
RO,2018,1203,0,1060.0,0.0,142.0,0.0,1.0,0.0,,,,,,,,,,,1757589.0,68.44603601865965,0.0
RO,2019,1239,0,1098.0,0.0,138.0,0.0,3.0,0.0,4.86,57100.0,0.31,14.51,21.45,23.77,18.83,11.27,8.43,1.42,1777225.0,69.71542714062653,0.0
RO,2020,1047,0,925.0,0.0,117.0,0.0,5.0,0.0,,,,,,,,,,,1796460.0,58.28128653017601,0.0
RO,2021,1061,0,974.0,0.0,84.0,0.0,3.0,0.0,4.97,50118.0,0.36,9.09,19.03,26.39,21.56,12.96,9.11,1.51,1815278.0,58.4483478563614,0.0
RO,2022,1082,0,987.0,0.0,95.0,0.0,0.0,0.0,,,,,,,,,,,1581196.0,68.42921434154906,0.0
RO,2023,1745,0,1523.0,0.0,179.0,0.0,43.0,0.0,,,,,,,,,,,1581196.0,110.35950002403244,0.0
RO,2024,1693,0,1462.0,0.0,181.0,0.0,50.0,0.0,,,,,,,,,,,1746227.0,96.95188540779635,0.0
RO,2025,287,1123,255.0,929.0,26.0,124.0,6.0,70.0,,,,,,,,,,,1751950.0,16.38174605439653,64.10000285396272
RO,2026,93,221,82.0,169.0,9.0,35.0,2.0,17.0,,,,,,,,,,,,,
RR,2016,153,118,145.0,107.0,4.0,10.0,4.0,1.0,,,,,,,,,,,514229.0,29.753281125724143,22.946974985852606
RR,2017,184,204,174.0,179.0,10.0,21.0,0.0,4.0,,,,,,,,,,,522636.0,35.2061472994589,39.032902440704426
RR,2018,98,228,82.0,201.0,14.0,21.0,2.0,6.0,,,,,,,,,,,576568.0,16.997127832276504,39.54433822203105
RR,2019,116,229,106.0,189.0,6.0,27.0,4.0,13.0,4.72,17373.0,3.22,22.58,18.85,18.21,14.66,10.43,10.0,2.04,605761.0,19.149466538783447,37.80368825328801
RR,2020,131,303,117.0,249.0,11.0,35.0,3.0,19.0,,,,,,,,,,,631181.0,20.75474388487613,48.00524730624021
RR,2021,151,473,146.0,417.0,5.0,45.0,0.0,11.0,4.78,12549.0,3.1,17.68,18.6,20.83,17.27,10.89,9.9,1.72,652713.0,23.134210594855627,72.46676563819014
RR,2022,174,603,169.0,534.0,4.0,55.0,1.0,14.0,,,,,,,,,,,636707.0,27.328111674600716,94.70604218266801
RR,2023,142,584,128.0,511.0,12.0,54.0,2.0,19.0,,,,,,,,,,,636707.0,22.302252056283344,91.72193803429207
RR,2024,182,674,162.0,578.0,14.0,63.0,6.0,33.0,,,,,,,,,,,716793.0,25.390872957743728,94.02993611823777
RR,2025,141,540,127.0,439.0,10.0,66.0,4.0,35.0,,,,,,,,,,,738772.0,19.085726042676225,73.0942699506749
RR,2026,33,122,29.0,101.0,1.0,13.0,3.0,8.0,,,,,,,,,,,,,
RS,2016,1721,2945,1545.0,2478.0,176.0,467.0,0.0,0.0,,,,,,,,,,,11286500.0,15.248305497718512,26.0931200992336
RS,2017,1800,3360,1635.0,2794.0,165.0,566.0,0.0,0.0,,,,,,,,,,,11322895.0,15.896994540707125,29.674389809319965
RS,2018,2114,3216,1899.0,2684.0,215.0,532.0,0.0,0.0,,,,,,,,,,,11329605.0,18.659079464818056,28.385808684415743
RS,2019,1502,3794,1392.0,3193.0,110.0,601.0,0.0,0.0,5.46,226411.0,0.16,3.92,8.62,16.41,22.63,22.04,22.48,3.74,11377239.0,13.201797026501772,33.34728223605042
RS,2020,1150,3552,1091.0,3007.0,59.0,545.0,0.0,0.0,,,,,,,,,,,11422973.0,10.067431657240196,31.095232388275804
RS,2021,1167,3898,1087.0,3327.0,80.0,571.0,0.0,0.0,5.5,195611.0,0.16,3.24,7.54,16.31,23.0,22.72,22.72,4.3,11466630.0,10.177358125273075,33.994294749198325
RS,2022,1179,4576,1111.0,3933.0,68.0,643.0,0.0,0.0,,,,,,,,,,,10882965.0,10.833444745986043,42.04736484956076
RS,2023,1231,4549,1159.0,3882.0,72.0,667.0,0.0,0.0,,,,,,,,,,,10882965.0,11.311255710185598,41.79927069507253
RS,2024,1166,4415,1090.0,3702.0,76.0,713.0,0.0,0.0,,,,,,,,,,,11229915.0,10.38298152746481,39.3146341713183
RS,2025,1035,4047,970.0,3373.0,65.0,674.0,0.0,0.0,,,,,,,,,,,11233263.0,9.21370753983059,36.026931800670916
RS,2026,276,934,254.0,781.0,22.0,153.0,0.0,0.0,,,,,,,,,,,,,
SC,2016,2639,1248,2265.0,1089.0,370.0,157.0,4.0,2.0,,,,,,,,,,,6910553.0,38.18797135337795,18.059336206523557
SC,2017,2855,1242,2459.0,1085.0,394.0,154.0,2.0,3.0,,,,,,,,,,,7001161.0,40.778950805444985,17.739914851265382
SC,2018,3259,1759,2784.0,1517.0,457.0,229.0,18.0,13.0,,,,,,,,,,,7075494.0,46.06038815098988,24.860454973179255
SC,2019,4381,3078,3783.0,2639.0,592.0,436.0,6.0,3.0,5.59,181384.0,0.08,2.19,6.14,13.77,23.1,25.27,25.45,4.0,7164788.0,61.1462614106656,42.960098749607106
SC,2020,1158,2712,1059.0,2332.0,99.0,380.0,0.0,0.0,,,,,,,,,,,7252502.0,15.966903559626735,37.39399175622427
SC,2021,1535,2858,1402.0,2489.0,133.0,369.0,0.0,0.0,5.63,167174.0,0.09,1.78,5.42,13.15,23.1,25.22,25.96,5.28,7338473.0,20.91715810632539,38.945431835751116
SC,2022,1574,3303,1436.0,2860.0,138.0,440.0,0.0,3.0,,,,,,,,,,,7610361.0,20.68233031258307,43.401357701691154
SC,2023,1544,3588,1402.0,3080.0,140.0,504.0,2.0,4.0,,,,,,,,,,,7610361.0,20.288130878416936,47.14625232626941
SC,2024,1587,3366,1411.0,2847.0,173.0,517.0,3.0,2.0,,,,,,,,,,,8058441.0,19.693635530743478,41.769865908306585
SC,2025,1180,2605,1066.0,2161.0,111.0,440.0,3.0,4.0,,,,,,,,,,,8187029.0,14.413042875504654,31.81862431414375
SC,2026,332,709,292.0,580.0,40.0,128.0,0.0,1.0,,,,,,,,,,,,,
SE,2016,163,378,0.0,0.0,0.0,0.0,163.0,378.0,,,,,,,,,,,2265779.0,7.193993765499636,16.683003946986886
SE,2017,173,395,0.0,0.0,0.0,0.0,173.0,395.0,,,,,,,,,,,2288116.0,7.560805483638068,17.263110786341255
SE,2018,119,331,18.0,0.0,2.0,0.0,99.0,331.0,,,,,,,,,,,2278308.0,5.223174390819854,14.52832540639808
SE,2019,176,619,151.0,518.0,22.0,85.0,3.0,16.0,4.56,58659.0,3.86,26.56,19.55,18.14,14.16,9.56,7.09,1.07,2298696.0,7.65651482405677,26.92831065960875
SE,2020,157,514,143.0,423.0,14.0,68.0,0.0,23.0,,,,,,,,,,,2318822.0,6.7706792500674915,22.166427608501213
SE,2021,175,719,142.0,561.0,21.0,72.0,12.0,86.0,4.59,58633.0,3.38,21.78,21.34,21.11,17.04,9.35,5.45,0.55,2338474.0,7.483512752333359,30.746546679586775
SE,2022,195,789,174.0,648.0,16.0,96.0,5.0,45.0,,,,,,,,,,,2210004.0,8.82351344160463,35.70129284833874
SE,2023,236,899,224.0,733.0,9.0,119.0,3.0,47.0,,,,,,,,,,,2210004.0,10.678713703685604,40.678659405141346
SE,2024,248,926,223.0,746.0,21.0,119.0,4.0,61.0,,,,,,,,,,,2291077.0,10.82460345069153,40.41767256185628
SE,2025,263,849,246.0,670.0,9.0,115.0,8.0,64.0,,,,,,,,,,,2299425.0,11.437642019200453,36.922274046772564
SE,2026,58,177,53.0,139.0,5.0,28.0,0.0,10.0,,,,,,,,,,,,,
SP,2016,9901,2957,7961.0,2315.0,1812.0,642.0,128.0,0.0,,,,,,,,,,,44749699.0,22.125288485180647,6.6078656752529215
SP,2017,3825,9428,3489.0,7382.0,332.0,2035.0,4.0,11.0,,,,,,,,,,,45094866.0,8.482118563119801,20.907036291004836
SP,2018,3596,9923,3314.0,8134.0,280.0,1781.0,2.0,8.0,,,,,,,,,,,45538936.0,7.896539348218412,21.790144591871886
SP,2019,3447,10676,3191.0,8820.0,255.0,1849.0,1.0,7.0,5.42,1176914.0,0.22,4.23,9.62,17.87,22.98,20.77,19.79,4.52,45919049.0,7.506688564042343,23.249610417672194
SP,2020,2932,9697,2670.0,8090.0,259.0,1599.0,3.0,8.0,,,,,,,,,,,46289333.0,6.33407269013792,20.9486708309234
SP,2021,2706,9802,2486.0,8333.0,218.0,1461.0,2.0,8.0,5.46,1068518.0,0.24,3.32,8.49,17.49,23.06,21.79,21.26,4.35,46649132.0,5.800751019333007,21.012180891168565
SP,2022,3176,11274,2873.0,9588.0,276.0,1617.0,27.0,69.0,,,,,,,,,,,44411238.0,7.151343090233152,25.38546662446113
SP,2023,3430,12123,3227.0,10310.0,203.0,1789.0,0.0,24.0,,,,,,,,,,,44411238.0,7.7232704028651495,27.297144925345247
SP,2024,3537,12452,3306.0,10484.0,231.0,1949.0,0.0,19.0,,,,,,,,,,,45973194.0,7.693613804601003,27.085348910062674
SP,2025,3491,12239,3233.0,10212.0,256.0,2014.0,2.0,13.0,,,,,,,,,,,46081801.0,7.575658772537992,26.55929181240117
SP,2026,599,1972,564.0,1645.0,35.0,324.0,0.0,3.0,,,,,,,,,,,,,
TO,2016,365,0,281.0,0.0,84.0,0.0,0.0,0.0,,,,,,,,,,,1532902.0,23.81104597684653,0.0
TO,2017,408,0,349.0,0.0,58.0,0.0,1.0,0.0,,,,,,,,,,,1550194.0,26.319286489303916,0.0
TO,2018,761,0,670.0,0.0,79.0,0.0,12.0,0.0,,,,,,,,,,,1555229.0,48.93170073346112,0.0
TO,2019,879,0,766.0,0.0,91.0,0.0,22.0,0.0,4.69,55095.0,1.97,21.88,20.38,20.7,16.31,10.06,7.4,1.3,1572866.0,55.885243879643916,0.0
TO,2020,166,780,154.0,692.0,12.0,72.0,0.0,16.0,,,,,,,,,,,1590248.0,10.438623409682013,49.048953370795
TO,2021,188,855,181.0,744.0,5.0,88.0,2.0,23.0,4.82,46519.0,1.45,15.47,19.75,23.34,19.03,11.35,7.96,1.67,1607363.0,11.69617566162715,53.192713780272406
TO,2022,190,911,177.0,794.0,11.0,97.0,2.0,20.0,,,,,,,,,,,1511460.0,12.570627075807499,60.27284876874016
TO,2023,838,838,743.0,725.0,78.0,84.0,17.0,29.0,,,,,,,,,,,1511460.0,55.443081523824645,55.443081523824645
TO,2024,241,889,212.0,769.0,22.0,97.0,7.0,23.0,,,,,,,,,,,1577342.0,15.278867867589906,56.36063707173207
TO,2025,173,690,166.0,589.0,6.0,70.0,1.0,31.0,,,,,,,,,,,1586859.0,10.90203981576183,43.482124120668566
TO,2026,47,140,41.0,126.0,3.0,11.0,3.0,3.0,,,,,,,,,,,,,
