uf,ano,estupro,estupro_vulneravel,estupro_feminino,estupro_vulneravel_feminino,estupro_masculino,estupro_vulneravel_masculino,estupro_nao_informado,estupro_vulneravel_nao_informado,inse,quantidade_alunos_inse,percentual_nivel_1,percentual_nivel_2,percentual_nivel_3,percentual_nivel_4,percentual_nivel_5,percentual_nivel_6,percentual_nivel_7,percentual_nivel_8
AC,2016,0,0,0.0,0.0,0.0,0.0,0.0,0.0,,,,,,,,,,
AC,2017,0,0,0.0,0.0,0.0,0.0,0.0,0.0,,,,,,,,,,
AC,2018,83,213,75.0,183.0,8.0,28.0,0.0,2.0,,,,,,,,,,
AC,2019,139,238,128.0,209.0,10.0,27.0,1.0,2.0,4.57,28003.0,1.66,28.0,21.69,18.7,14.1,8.36,6.48,1.02
AC,2020,102,300,93.0,262.0,8.0,27.0,1.0,11.0,,,,,,,,,,
AC,2021,145,489,134.0,444.0,9.0,26.0,2.0,19.0,4.63,23143.0,2.24,23.36,21.19,20.75,15.21,9.32,6.79,1.14
AC,2022,297,443,257.0,404.0,16.0,39.0,24.0,0.0,,,,,,,,,,
AC,2023,282,459,263.0,408.0,6.0,43.0,13.0,8.0,,,,,,,,,,
AC,2024,210,560,189.0,509.0,19.0,48.0,2.0,3.0,,,,,,,,,,
AC,2025,123,482,121.0,453.0,2.0,28.0,0.0,1.0,,,,,,,,,,
AC,2026,40,120,39.0,106.0,1.0,14.0,0.0,0.0,,,,,,,,,,
AL,2016,160,500,153.0,401.0,7.0,99.0,0.0,0.0,,,,,,,,,,
AL,2017,247,573,228.0,484.0,19.0,89.0,0.0,0.0,,,,,,,,,,
AL,2018,186,591,169.0,503.0,16.0,85.0,1.0,3.0,,,,,,,,,,
AL,2019,207,598,192.0,525.0,15.0,69.0,0.0,4.0,4.45,93866.0,4.72,29.48,21.0,18.02,12.46,7.49,5.73,1.11
AL,2020,165,690,156.0,593.0,9.0,91.0,0.0,6.0,,,,,,,,,,
AL,2021,248,686,232.0,589.0,15.0,91.0,1.0,6.0,4.55,90919.0,3.29,23.22,23.04,21.7,14.65,8.19,5.14,0.77
AL,2022,247,857,238.0,762.0,8.0,89.0,1.0,6.0,,,,,,,,,,
AL,2023,245,928,235.0,810.0,9.0,108.0,1.0,10.0,,,,,,,,,,
AL,2024,303,1019,269.0,859.0,25.0,128.0,9.0,32.0,,,,,,,,,,
AL,2025,206,643,187.0,540.0,17.0,93.0,2.0,10.0,,,,,,,,,,
AL,2026,55,165,50.0,140.0,5.0,23.0,0.0,2.0,,,,,,,,,,
AM,2016,393,673,335.0,533.0,32.0,97.0,26.0,43.0,,,,,,,,,,
AM,2017,364,666,318.0,536.0,36.0,110.0,10.0,20.0,,,,,,,,,,
AM,2018,300,701,280.0,587.0,19.0,109.0,1.0,5.0,,,,,,,,,,
AM,2019,292,709,270.0,609.0,21.0,100.0,1.0,0.0,4.55,143310.0,3.1,27.55,21.76,18.36,12.92,8.0,7.04,1.26
AM,2020,233,665,223.0,587.0,10.0,77.0,0.0,1.0,,,,,,,,,,
AM,2021,218,549,209.0,482.0,8.0,66.0,1.0,1.0,4.57,142430.0,3.87,24.53,20.8,19.71,14.23,8.89,6.78,1.17
AM,2022,278,686,264.0,572.0,13.0,113.0,1.0,1.0,,,,,,,,,,
AM,2023,295,791,267.0,684.0,27.0,103.0,1.0,4.0,,,,,,,,,,
AM,2024,390,1161,356.0,997.0,29.0,144.0,5.0,20.0,,,,,,,,,,
AM,2025,416,1353,391.0,1178.0,25.0,133.0,0.0,42.0,,,,,,,,,,
AM,2026,142,327,131.0,291.0,10.0,31.0,1.0,5.0,,,,,,,,,,
AP,2016,454,0,411.0,0.0,39.0,0.0,4.0,0.0,,,,,,,,,,
AP,2017,399,0,0.0,0.0,0.0,0.0,399.0,0.0,,,,,,,,,,
AP,2018,453,0,405.0,0.0,44.0,0.0,4.0,0.0,,,,,,,,,,
AP,2019,196,435,187.0,374.0,8.0,50.0,1.0,11.0,4.69,25435.0,1.58,22.59,22.0,19.93,14.27,9.55,8.54,1.54
AP,2020,144,400,134.0,346.0,4.0,47.0,6.0,7.0,,,,,,,,,,
AP,2021,185,478,179.0,422.0,5.0,52.0,1.0,4.0,4.76,20163.0,1.43,17.6,21.98,22.71,16.25,10.3,8.33,1.39
AP,2022,162,551,155.0,488.0,5.0,53.0,2.0,10.0,,,,,,,,,,
AP,2023,170,538,164.0,465.0,6.0,55.0,0.0,18.0,,,,,,,,,,
AP,2024,174,685,154.0,601.0,13.0,61.0,7.0,23.0,,,,,,,,,,
AP,2025,172,551,163.0,484.0,7.0,50.0,2.0,17.0,,,,,,,,,,
AP,2026,39,107,38.0,92.0,1.0,10.0,0.0,5.0,,,,,,,,,,
BA,2016,893,1987,831.0,1719.0,60.0,266.0,2.0,2.0,,,,,,,,,,
BA,2017,957,2460,893.0,2125.0,64.0,326.0,0.0,9.0,,,,,,,,,,
BA,2018,979,2420,917.0,2125.0,61.0,292.0,1.0,3.0,,,,,,,,,,
BA,2019,1016,2469,955.0,2112.0,60.0,354.0,1.0,3.0,4.58,380543.0,2.98,24.15,21.54,20.77,14.85,8.63,6.08,1.01
BA,2020,859,2273,798.0,1968.0,58.0,297.0,3.0,8.0,,,,,,,,,,
BA,2021,2978,1123,2637.0,988.0,341.0,120.0,0.0,15.0,4.62,337361.0,2.47,20.01,22.98,23.43,16.33,8.74,5.31,0.73
BA,2022,1180,3709,1111.0,3251.0,66.0,426.0,3.0,32.0,,,,,,,,,,
BA,2023,1264,4013,1164.0,3487.0,85.0,457.0,15.0,69.0,,,,,,,,,,
BA,2024,1294,4227,1189.0,3617.0,92.0,500.0,13.0,110.0,,,,,,,,,,
BA,2025,1139,3999,1060.0,3373.0,63.0,539.0,16.0,87.0,,,,,,,,,,
BA,2026,275,810,257.0,668.0,17.0,122.0,1.0,20.0,,,,,,,,,,
CE,2016,527,1143,489.0,948.0,38.0,195.0,0.0,0.0,,,,,,,,,,
CE,2017,531,1224,482.0,1041.0,49.0,183.0,0.0,0.0,,,,,,,,,,
CE,2018,468,1322,426.0,1099.0,42.0,223.0,0.0,0.0,,,,,,,,,,
CE,2019,493,1479,455.0,1294.0,38.0,185.0,0.0,0.0,4.44,282527.0,4.88,29.65,21.09,17.98,12.62,7.39,5.47,0.92
CE,2020,357,1455,322.0,1226.0,34.0,229.0,1.0,0.0,,,,,,,,,,
CE,2021,363,1566,333.0,1369.0,29.0,193.0,1.0,4.0,4.53,284549.0,3.32,24.2,23.54,21.26,14.18,7.41,5.17,0.93
CE,2022,397,1500,365.0,1323.0,31.0,174.0,1.0,3.0,,,,,,,,,,
CE,2023,363,1768,330.0,1525.0,29.0,231.0,4.0,12.0,,,,,,,,,,
CE,2024,349,1679,316.0,1440.0,31.0,231.0,2.0,8.0,,,,,,,,,,
CE,2025,340,1569,307.0,1328.0,33.0,229.0,0.0,12.0,,,,,,,,,,
CE,2026,77,301,71.0,270.0,5.0,31.0,1.0,0.0,,,,,,,,,,
DF,2016,632,0,554.0,0.0,70.0,0.0,8.0,0.0,,,,,,,,,,
DF,2017,805,0,698.0,0.0,103.0,0.0,4.0,0.0,,,,,,,,,,
DF,2018,322,538,289.0,461.0,33.0,77.0,0.0,0.0,,,,,,,,,,
DF,2019,293,462,268.0,359.0,21.0,103.0,4.0,0.0,5.54,72610.0,0.27,3.97,8.6,16.18,20.61,19.44,24.31,6.62
DF,2020,271,478,243.0,402.0,28.0,75.0,0.0,1.0,,,,,,,,,,
DF,2021,263,469,232.0,405.0,29.0,62.0,2.0,2.0,5.6,66261.0,0.19,3.03,7.69,15.63,20.98,19.79,24.27,8.42
DF,2022,252,623,227.0,518.0,24.0,105.0,1.0,0.0,,,,,,,,,,
DF,2023,327,718,292.0,580.0,35.0,136.0,0.0,2.0,,,,,,,,,,
DF,2024,333,741,308.0,600.0,25.0,141.0,0.0,0.0,,,,,,,,,,
DF,2025,285,614,266.0,514.0,19.0,100.0,0.0,0.0,,,,,,,,,,
DF,2026,85,151,80.0,126.0,5.0,25.0,0.0,0.0,,,,,,,,,,
ES,2016,0,0,0.0,0.0,0.0,0.0,0.0,0.0,,,,,,,,,,
ES,2017,0,0,0.0,0.0,0.0,0.0,0.0,0.0,,,,,,,,,,
ES,2018,1602,0,1143.0,0.0,173.0,0.0,286.0,0.0,,,,,,,,,,
ES,2019,1797,0,1289.0,0.0,222.0,0.0,286.0,0.0,5.08,98112.0,0.69,10.3,15.6,21.19,20.68,15.72,13.59,2.24
ES,2020,1543,0,1144.0,0.0,151.0,0.0,248.0,0.0,,,,,,,,,,
ES,2021,1510,0,1121.0,0.0,164.0,0.0,225.0,0.0,5.14,94800.0,0.63,7.79,14.11,21.78,22.55,17.12,13.88,2.15
ES,2022,1773,0,1390.0,0.0,171.0,0.0,212.0,0.0,,,,,,,,,,
ES,2023,457,1558,404.0,1182.0,38.0,293.0,15.0,83.0,,,,,,,,,,
ES,2024,1869,0,1532.0,0.0,257.0,0.0,80.0,0.0,,,,,,,,,,
ES,2025,398,1103,341.0,885.0,33.0,154.0,24.0,64.0,,,,,,,,,,
ES,2026,116,257,96.0,204.0,9.0,33.0,11.0,20.0,,,,,,,,,,
GO,2016,560,1559,533.0,1307.0,27.0,250.0,0.0,2.0,,,,,,,,,,
GO,2017,702,2356,655.0,2018.0,47.0,333.0,0.0,5.0,,,,,,,,,,
GO,2018,808,2786,761.0,2362.0,42.0,401.0,5.0,23.0,,,,,,,,,,
GO,2019,916,2824,864.0,2421.0,44.0,384.0,8.0,19.0,5.16,180722.0,0.55,7.86,13.42,21.28,23.45,17.01,14.05,2.38
GO,2020,708,2594,662.0,2244.0,43.0,330.0,3.0,20.0,,,,,,,,,,
GO,2021,870,2690,817.0,2348.0,49.0,312.0,4.0,30.0,5.2,192835.0,0.46,6.09,12.55,21.94,24.84,17.96,14.06,2.11
GO,2022,828,3290,763.0,2833.0,58.0,412.0,7.0,45.0,,,,,,,,,,
GO,2023,795,3643,726.0,3102.0,60.0,485.0,9.0,56.0,,,,,,,,,,
GO,2024,793,3599,745.0,3073.0,38.0,470.0,10.0,56.0,,,,,,,,,,
GO,2025,749,3164,687.0,2641.0,53.0,457.0,9.0,66.0,,,,,,,,,,
GO,2026,174,655,157.0,542.0,16.0,102.0,1.0,11.0,,,,,,,,,,
MA,2016,1090,0,847.0,0.0,195.0,0.0,48.0,0.0,,,,,,,,,,
MA,2017,1312,0,994.0,0.0,212.0,0.0,106.0,0.0,,,,,,,,,,
MA,2018,1286,0,990.0,0.0,223.0,0.0,73.0,0.0,,,,,,,,,,
MA,2019,1477,0,1223.0,0.0,190.0,0.0,64.0,0.0,4.22,233633.0,6.05,38.5,21.09,15.52,9.85,4.97,3.47,0.55
MA,2020,1418,0,1166.0,0.0,197.0,0.0,55.0,0.0,,,,,,,,,,
MA,2021,524,1492,485.0,1342.0,36.0,134.0,3.0,16.0,4.34,216656.0,5.22,30.46,23.72,19.51,11.88,5.77,3.03,0.41
MA,2022,455,1646,442.0,1527.0,13.0,119.0,0.0,0.0,,,,,,,,,,
MA,2023,397,1457,387.0,1345.0,10.0,112.0,0.0,0.0,,,,,,,,,,
MA,2024,379,1392,364.0,1246.0,15.0,146.0,0.0,0.0,,,,,,,,,,
MA,2025,432,1687,407.0,1510.0,25.0,176.0,0.0,1.0,,,,,,,,,,
MA,2026,103,414,93.0,365.0,10.0,49.0,0.0,0.0,,,,,,,,,,
MG,2016,1789,3224,1660.0,2598.0,115.0,597.0,14.0,29.0,,,,,,,,,,
MG,2017,1803,3766,1682.0,3157.0,115.0,571.0,6.0,38.0,,,,,,,,,,
MG,2018,1777,4126,1676.0,3457.0,94.0,623.0,7.0,46.0,,,,,,,,,,
MG,2019,1536,4055,1443.0,3427.0,88.0,581.0,5.0,47.0,5.11,549942.0,0.96,10.78,13.92,19.88,20.97,16.43,14.72,2.35
MG,2020,1301,3598,1218.0,3062.0,79.0,501.0,4.0,35.0,,,,,,,,,,
MG,2021,1270,3808,1188.0,3294.0,70.0,476.0,12.0,38.0,5.21,462939.0,0.72,7.59,12.65,20.13,22.37,17.97,15.65,2.92
MG,2022,1173,3643,1117.0,3178.0,54.0,418.0,2.0,47.0,,,,,,,,,,
MG,2023,1284,4187,1194.0,3560.0,85.0,586.0,5.0,41.0,,,,,,,,,,
MG,2024,1477,4196,1384.0,3524.0,91.0,615.0,2.0,57.0,,,,,,,,,,
MG,2025,1369,4151,1262.0,3458.0,101.0,638.0,6.0,55.0,,,,,,,,,,
MG,2026,369,951,345.0,802.0,21.0,137.0,3.0,12.0,,,,,,,,,,
MS,2016,2100,0,688.0,0.0,78.0,0.0,1334.0,0.0,,,,,,,,,,
MS,2017,2324,0,832.0,0.0,109.0,0.0,1383.0,0.0,,,,,,,,,,
MS,2018,2523,0,1964.0,0.0,289.0,0.0,270.0,0.0,,,,,,,,,,
MS,2019,2544,0,2165.0,0.0,313.0,0.0,66.0,0.0,5.16,77457.0,0.4,8.97,14.42,20.8,21.56,16.25,14.74,2.86
MS,2020,2369,0,2000.0,0.0,264.0,0.0,105.0,0.0,,,,,,,,,,
MS,2021,2398,147,1988.0,118.0,245.0,21.0,165.0,8.0,5.23,64941.0,0.43,6.59,12.43,20.99,23.5,17.21,15.57,3.28
MS,2022,2204,0,1922.0,0.0,214.0,0.0,68.0,0.0,,,,,,,,,,
MS,2023,2723,0,2367.0,0.0,284.0,0.0,72.0,0.0,,,,,,,,,,
MS,2024,2315,0,1968.0,0.0,259.0,0.0,88.0,0.0,,,,,,,,,,
MS,2025,1489,1198,1283.0,1013.0,176.0,152.0,30.0,33.0,,,,,,,,,,
MS,2026,294,292,252.0,239.0,31.0,39.0,11.0,14.0,,,,,,,,,,
MT,2016,700,1298,644.0,1116.0,54.0,172.0,2.0,10.0,,,,,,,,,,
MT,2017,753,1374,693.0,1173.0,56.0,199.0,4.0,2.0,,,,,,,,,,
MT,2018,702,1553,642.0,1316.0,58.0,234.0,2.0,3.0,,,,,,,,,,
MT,2019,712,1554,660.0,1326.0,51.0,224.0,1.0,4.0,5.03,97099.0,0.37,10.96,16.95,22.68,21.23,14.2,11.42,2.2
MT,2020,666,1291,621.0,1115.0,45.0,176.0,0.0,0.0,,,,,,,,,,
MT,2021,624,1372,566.0,1178.0,58.0,193.0,0.0,1.0,5.15,83344.0,0.3,6.66,14.37,23.33,23.87,16.32,12.36,2.78
MT,2022,650,1552,595.0,1376.0,55.0,174.0,0.0,2.0,,,,,,,,,,
MT,2023,660,1839,622.0,1604.0,38.0,234.0,0.0,1.0,,,,,,,,,,
MT,2024,675,2040,608.0,1752.0,65.0,283.0,2.0,5.0,,,,,,,,,,
MT,2025,670,1667,626.0,1434.0,44.0,233.0,0.0,0.0,,,,,,,,,,
MT,2026,170,328,153.0,280.0,17.0,47.0,0.0,1.0,,,,,,,,,,
PA,2016,1048,1954,988.0,1698.0,48.0,255.0,12.0,1.0,,,,,,,,,,
PA,2017,935,2398,899.0,2101.0,35.0,293.0,1.0,4.0,,,,,,,,,,
PA,2018,906,2753,851.0,2347.0,49.0,320.0,6.0,86.0,,,,,,,,,,
PA,2019,852,2742,802.0,2384.0,46.0,325.0,4.0,33.0,4.31,269993.0,5.06,35.74,21.7,16.2,10.29,5.74,4.52,0.75
PA,2020,750,2550,709.0,2265.0,41.0,282.0,0.0,3.0,,,,,,,,,,
PA,2021,693,2985,662.0,2669.0,31.0,309.0,0.0,7.0,4.39,236738.0,5.09,28.48,23.33,19.94,12.61,6.22,3.84,0.49
PA,2022,820,3735,772.0,3354.0,48.0,347.0,0.0,34.0,,,,,,,,,,
PA,2023,948,4600,899.0,4116.0,46.0,438.0,3.0,46.0,,,,,,,,,,
PA,2024,893,4364,834.0,3865.0,54.0,413.0,5.0,86.0,,,,,,,,,,
PA,2025,782,4722,720.0,4172.0,49.0,452.0,13.0,98.0,,,,,,,,,,
PA,2026,174,927,165.0,791.0,5.0,105.0,4.0,31.0,,,,,,,,,,
PB,2016,464,0,426.0,0.0,37.0,0.0,1.0,0.0,,,,,,,,,,
PB,2017,365,0,300.0,0.0,62.0,0.0,3.0,0.0,,,,,,,,,,
PB,2018,258,0,239.0,0.0,18.0,0.0,1.0,0.0,,,,,,,,,,
PB,2019,298,0,264.0,0.0,32.0,0.0,2.0,0.0,4.65,100773.0,3.04,23.51,20.71,19.27,14.53,9.27,7.91,1.76
PB,2020,312,0,296.0,0.0,16.0,0.0,0.0,0.0,,,,,,,,,,
PB,2021,511,0,421.0,0.0,37.0,0.0,53.0,0.0,4.65,89415.0,2.53,20.61,21.63,22.31,16.07,9.7,6.25,0.89
PB,2022,509,0,462.0,0.0,47.0,0.0,0.0,0.0,,,,,,,,,,
PB,2023,575,0,522.0,0.0,51.0,0.0,2.0,0.0,,,,,,,,,,
PB,2024,256,898,240.0,802.0,16.0,96.0,0.0,0.0,,,,,,,,,,
PB,2025,270,1081,254.0,959.0,16.0,122.0,0.0,0.0,,,,,,,,,,
PB,2026,62,250,58.0,215.0,4.0,34.0,0.0,1.0,,,,,,,,,,
PE,2016,924,1560,832.0,1302.0,89.0,253.0,3.0,5.0,,,,,,,,,,
PE,2017,976,1577,898.0,1351.0,77.0,222.0,1.0,4.0,,,,,,,,,,
PE,2018,958,1996,875.0,1698.0,81.0,292.0,2.0,6.0,,,,,,,,,,
PE,2019,895,1945,793.0,1643.0,98.0,295.0,4.0,7.0,4.61,250843.0,3.02,23.25,21.58,20.3,14.67,8.98,7.06,1.13
PE,2020,791,1893,738.0,1636.0,52.0,244.0,1.0,13.0,,,,,,,,,,
PE,2021,769,1988,698.0,1736.0,67.0,238.0,4.0,14.0,4.67,247632.0,2.24,18.54,22.49,23.56,16.71,9.36,6.38,0.73
PE,2022,815,2083,750.0,1829.0,60.0,223.0,5.0,31.0,,,,,,,,,,
PE,2023,856,2252,798.0,1917.0,53.0,292.0,5.0,43.0,,,,,,,,,,
PE,2024,786,2006,735.0,1721.0,44.0,257.0,7.0,28.0,,,,,,,,,,
PE,2025,698,1733,630.0,1451.0,63.0,247.0,5.0,35.0,,,,,,,,,,
PE,2026,139,411,133.0,326.0,6.0,78.0,0.0,7.0,,,,,,,,,,
PI,2016,189,572,171.0,492.0,17.0,78.0,1.0,2.0,,,,,,,,,,
PI,2017,220,717,196.0,619.0,20.0,95.0,4.0,3.0,,,,,,,,,,
PI,2018,230,706,218.0,618.0,11.0,82.0,1.0,6.0,,,,,,,,,,
PI,2019,264,767,243.0,654.0,18.0,95.0,3.0,18.0,4.35,98604.0,5.76,33.78,19.87,16.39,11.5,6.51,5.18,1.0
PI,2020,198,709,185.0,618.0,11.0,78.0,2.0,13.0,,,,,,,,,,
PI,2021,209,942,186.0,828.0,22.0,99.0,1.0,15.0,4.44,92265.0,4.38,28.27,22.53,19.74,13.14,6.74,4.28,0.92
PI,2022,281,1056,259.0,933.0,20.0,104.0,2.0,19.0,,,,,,,,,,
PI,2023,306,1157,297.0,1012.0,8.0,113.0,1.0,32.0,,,,,,,,,,
PI,2024,252,1146,229.0,975.0,17.0,132.0,6.0,39.0,,,,,,,,,,
PI,2025,283,1223,253.0,1027.0,19.0,138.0,11.0,58.0,,,,,,,,,,
PI,2026,58,185,54.0,159.0,3.0,19.0,1.0,7.0,,,,,,,,,,
PR,2016,1217,3724,1086.0,3105.0,131.0,619.0,0.0,0.0,,,,,,,,,,
PR,2017,1448,4129,1297.0,3529.0,151.0,600.0,0.0,0.0,,,,,,,,,,
PR,2018,1467,5452,1324.0,4570.0,143.0,881.0,0.0,1.0,,,,,,,,,,
PR,2019,1516,5685,1365.0,4779.0,151.0,902.0,0.0,4.0,5.45,306314.0,0.15,4.26,8.98,16.71,22.84,21.4,21.7,3.95
PR,2020,1338,4953,1215.0,4188.0,121.0,764.0,2.0,1.0,,,,,,,,,,
PR,2021,1450,5111,1322.0,4394.0,127.0,714.0,1.0,3.0,5.5,301195.0,0.16,3.15,7.76,16.08,23.21,22.41,22.73,4.49
PR,2022,1619,5566,1477.0,4884.0,140.0,681.0,2.0,1.0,,,,,,,,,,
PR,2023,1751,6220,1610.0,5350.0,141.0,869.0,0.0,1.0,,,,,,,,,,
PR,2024,1925,6249,1753.0,5313.0,170.0,934.0,2.0,2.0,,,,,,,,,,
PR,2025,1512,5342,1376.0,4467.0,135.0,858.0,1.0,17.0,,,,,,,,,,
PR,2026,400,1174,372.0,976.0,28.0,197.0,0.0,1.0,,,,,,,,,,
RJ,2016,4705,0,4013.0,0.0,609.0,0.0,83.0,0.0,,,,,,,,,,
RJ,2017,4952,0,4173.0,0.0,701.0,0.0,78.0,0.0,,,,,,,,,,
RJ,2018,5310,0,4543.0,0.0,700.0,0.0,67.0,0.0,,,,,,,,,,
RJ,2019,5450,0,4687.0,0.0,696.0,0.0,67.0,0.0,5.16,312708.0,0.52,8.13,14.86,21.41,21.34,15.87,15.19,2.68
RJ,2020,4746,0,4086.0,0.0,599.0,0.0,61.0,0.0,,,,,,,,,,
RJ,2021,5110,0,4429.0,0.0,627.0,0.0,54.0,0.0,5.13,290025.0,0.7,7.73,14.56,21.92,22.71,17.13,13.31,1.94
RJ,2022,5627,0,4907.0,0.0,651.0,0.0,69.0,0.0,,,,,,,,,,
RJ,2023,5528,0,4759.0,0.0,691.0,0.0,78.0,0.0,,,,,,,,,,
RJ,2024,5819,0,5013.0,0.0,724.0,0.0,82.0,0.0,,,,,,,,,,
RJ,2025,5867,0,5068.0,0.0,706.0,0.0,93.0,0.0,,,,,,,,,,
RJ,2026,964,0,816.0,0.0,129.0,0.0,19.0,0.0,,,,,,,,,,
RN,2016,165,163,146.0,134.0,10.0,22.0,9.0,7.0,,,,,,,,,,
RN,2017,127,133,54.0,61.0,1.0,4.0,72.0,68.0,,,,,,,,,,
RN,2018,200,234,164.0,174.0,7.0,32.0,29.0,28.0,,,,,,,,,,
RN,2019,215,344,184.0,274.0,20.0,62.0,11.0,8.0,4.66,80286.0,2.44,21.78,20.75,20.85,16.61,9.82,6.86,0.89
RN,2020,216,493,204.0,421.0,9.0,68.0,3.0,4.0,,,,,,,,,,
RN,2021,190,593,176.0,496.0,11.0,86.0,3.0,11.0,4.74,69523.0,1.6,17.24,21.55,23.42,17.69,10.75,6.68,1.08
RN,2022,254,750,237.0,644.0,15.0,98.0,2.0,8.0,,,,,,,,,,
RN,2023,298,1070,280.0,877.0,14.0,157.0,4.0,36.0,,,,,,,,,,
RN,2024,294,982,273.0,828.0,19.0,123.0,2.0,31.0,,,,,,,,,,
RN,2025,356,991,322.0,821.0,25.0,129.0,9.0,41.0,,,,,,,,,,
RN,2026,88,121,50.0,86.0,38.0,34.0,0.0,1.0,,,,,,,,,,
RO,2016,643,0,551.0,0.0,91.0,0.0,1.0,0.0,,,,,,,,,,
RO,2017,958,0,857.0,0.0,99.0,0.0,2.0,0.0,,,,,,,,,,
RO,2018,1203,0,1060.0,0.0,142.0,0.0,1.0,0.0,,,,,,,,,,
RO,2019,1239,0,1098.0,0.0,138.0,0.0,3.0,0.0,4.86,57100.0,0.31,14.51,21.45,23.77,18.83,11.27,8.43,1.42
RO,2020,1047,0,925.0,0.0,117.0,0.0,5.0,0.0,,,,,,,,,,
RO,2021,1061,0,974.0,0.0,84.0,0.0,3.0,0.0,4.97,50118.0,0.36,9.09,19.03,26.39,21.56,12.96,9.11,1.51
RO,2022,1082,0,987.0,0.0,95.0,0.0,0.0,0.0,,,,,,,,,,
RO,2023,1745,0,1523.0,0.0,179.0,0.0,43.0,0.0,,,,,,,,,,
RO,2024,1693,0,1462.0,0.0,181.0,0.0,50.0,0.0,,,,,,,,,,
RO,2025,287,1123,255.0,929.0,26.0,124.0,6.0,70.0,,,,,,,,,,
RO,2026,93,221,82.0,169.0,9.0,35.0,2.0,17.0,,,,,,,,,,
RR,2016,153,118,145.0,107.0,4.0,10.0,4.0,1.0,,,,,,,,,,
RR,2017,184,204,174.0,179.0,10.0,21.0,0.0,4.0,,,,,,,,,,
RR,2018,98,228,82.0,201.0,14.0,21.0,2.0,6.0,,,,,,,,,,
RR,2019,116,229,106.0,189.0,6.0,27.0,4.0,13.0,4.72,17373.0,3.22,22.58,18.85,18.21,14.66,10.43,10.0,2.04
RR,2020,131,303,117.0,249.0,11.0,35.0,3.0,19.0,,,,,,,,,,
RR,2021,151,473,146.0,417.0,5.0,45.0,0.0,11.0,4.78,12549.0,3.1,17.68,18.6,20.83,17.27,10.89,9.9,1.72
RR,2022,174,603,169.0,534.0,4.0,55.0,1.0,14.0,,,,,,,,,,
RR,2023,142,584,128.0,511.0,12.0,54.0,2.0,19.0,,,,,,,,,,
RR,2024,182,674,162.0,578.0,14.0,63.0,6.0,33.0,,,,,,,,,,
RR,2025,141,540,127.0,439.0,10.0,66.0,4.0,35.0,,,,,,,,,,
RR,2026,33,122,29.0,101.0,1.0,13.0,3.0,8.0,,,,,,,,,,
RS,2016,1721,2945,1545.0,2478.0,176.0,467.0,0.0,0.0,,,,,,,,,,
RS,2017,1800,3360,1635.0,2794.0,165.0,566.0,0.0,0.0,,,,,,,,,,
RS,2018,2114,3216,1899.0,2684.0,215.0,532.0,0.0,0.0,,,,,,,,,,
RS,2019,1502,3794,1392.0,3193.0,110.0,601.0,0.0,0.0,5.46,226411.0,0.16,3.92,8.62,16.41,22.63,22.04,22.48,3.74
RS,2020,1150,3552,1091.0,3007.0,59.0,545.0,0.0,0.0,,,,,,,,,,
RS,2021,1167,3898,1087.0,3327.0,80.0,571.0,0.0,0.0,5.5,195611.0,0.16,3.24,7.54,16.31,23.0,22.72,22.72,4.3
RS,2022,1179,4576,1111.0,3933.0,68.0,643.0,0.0,0.0,,,,,,,,,,
RS,2023,1231,4549,1159.0,3882.0,72.0,667.0,0.0,0.0,,,,,,,,,,
RS,2024,1166,4415,1090.0,3702.0,76.0,713.0,0.0,0.0,,,,,,,,,,
RS,2025,1035,4047,970.0,3373.0,65.0,674.0,0.0,0.0,,,,,,,,,,
RS,2026,276,934,254.0,781.0,22.0,153.0,0.0,0.0,,,,,,,,,,
SC,2016,2639,1248,2265.0,1089.0,370.0,157.0,4.0,2.0,,,,,,,,,,
SC,2017,2855,1242,2459.0,1085.0,394.0,154.0,2.0,3.0,,,,,,,,,,
SC,2018,3259,1759,2784.0,1517.0,457.0,229.0,18.0,13.0,,,,,,,,,,
SC,2019,4381,3078,3783.0,2639.0,592.0,436.0,6.0,3.0,5.59,181384.0,0.08,2.19,6.14,13.77,23.1,25.27,25.45,4.0
SC,2020,1158,2712,1059.0,2332.0,99.0,380.0,0.0,0.0,,,,,,,,,,
SC,2021,1535,2858,1402.0,2489.0,133.0,369.0,0.0,0.0,5.63,167174.0,0.09,1.78,5.42,13.15,23.1,25.22,25.96,5.28
SC,2022,1574,3303,1436.0,2860.0,138.0,440.0,0.0,3.0,,,,,,,,,,
SC,2023,1544,3588,1402.0,3080.0,140.0,504.0,2.0,4.0,,,,,,,,,,
SC,2024,1587,3366,1411.0,2847.0,173.0,517.0,3.0,2.0,,,,,,,,,,
SC,2025,1180,2605,1066.0,2161.0,111.0,440.0,3.0,4.0,,,,,,,,,,
SC,2026,332,709,292.0,580.0,40.0,128.0,0.0,1.0,,,,,,,,,,
SE,2016,163,378,0.0,0.0,0.0,0.0,163.0,378.0,,,,,,,,,,
SE,2017,173,395,0.0,0.0,0.0,0.0,173.0,395.0,,,,,,,,,,
SE,2018,119,331,18.0,0.0,2.0,0.0,99.0,331.0,,,,,,,,,,
SE,2019,176,619,151.0,518.0,22.0,85.0,3.0,16.0,4.56,58659.0,3.86,26.56,19.55,18.14,14.16,9.56,7.09,1.07
SE,2020,157,514,143.0,423.0,14.0,68.0,0.0,23.0,,,,,,,,,,
SE,2021,175,719,142.0,561.0,21.0,72.0,12.0,86.0,4.59,58633.0,3.38,21.78,21.34,21.11,17.04,9.35,5.45,0.55
SE,2022,195,789,174.0,648.0,16.0,96.0,5.0,45.0,,,,,,,,,,
SE,2023,236,899,224.0,733.0,9.0,119.0,3.0,47.0,,,,,,,,,,
SE,2024,248,926,223.0,746.0,21.0,119.0,4.0,61.0,,,,,,,,,,
SE,2025,263,849,246.0,670.0,9.0,115.0,8.0,64.0,,,,,,,,,,
SE,2026,58,177,53.0,139.0,5.0,28.0,0.0,10.0,,,,,,,,,,
SP,2016,9901,2957,7961.0,2315.0,1812.0,642.0,128.0,0.0,,,,,,,,,,
SP,2017,3825,9428,3489.0,7382.0,332.0,2035.0,4.0,11.0,,,,,,,,,,
SP,2018,3596,9923,3314.0,8134.0,280.0,1781.0,2.0,8.0,,,,,,,,,,
SP,2019,3447,10676,3191.0,8820.0,255.0,1849.0,1.0,7.0,5.42,1176914.0,0.22,4.23,9.62,17.87,22.98,20.77,19.79,4.52
SP,2020,2932,9697,2670.0,8090.0,259.0,1599.0,3.0,8.0,,,,,,,,,,
SP,2021,2706,9802,2486.0,8333.0,218.0,1461.0,2.0,8.0,5.46,1068518.0,0.24,3.32,8.49,17.49,23.06,21.79,21.26,4.35
SP,2022,3176,11274,2873.0,9588.0,276.0,1617.0,27.0,69.0,,,,,,,,,,
SP,2023,3430,12123,3227.0,10310.0,203.0,1789.0,0.0,24.0,,,,,,,,,,
SP,2024,3537,12452,3306.0,10484.0,231.0,1949.0,0.0,19.0,,,,,,,,,,
SP,2025,3491,12239,3233.0,10212.0,256.0,2014.0,2.0,13.0,,,,,,,,,,
SP,2026,599,1972,564.0,1645.0,35.0,324.0,0.0,3.0,,,,,,,,,,
TO,2016,365,0,281.0,0.0,84.0,0.0,0.0,0.0,,,,,,,,,,
TO,2017,408,0,349.0,0.0,58.0,0.0,1.0,0.0,,,,,,,,,,
TO,2018,761,0,670.0,0.0,79.0,0.0,12.0,0.0,,,,,,,,,,
TO,2019,879,0,766.0,0.0,91.0,0.0,22.0,0.0,4.69,55095.0,1.97,21.88,20.38,20.7,16.31,10.06,7.4,1.3
TO,2020,166,780,154.0,692.0,12.0,72.0,0.0,16.0,,,,,,,,,,
TO,2021,188,855,181.0,744.0,5.0,88.0,2.0,23.0,4.82,46519.0,1.45,15.47,19.75,23.34,19.03,11.35,7.96,1.67
TO,2022,190,911,177.0,794.0,11.0,97.0,2.0,20.0,,,,,,,,,,
TO,2023,838,838,743.0,725.0,78.0,84.0,17.0,29.0,,,,,,,,,,
TO,2024,241,889,212.0,769.0,22.0,97.0,7.0,23.0,,,,,,,,,,
TO,2025,173,690,166.0,589.0,6.0,70.0,1.0,31.0,,,,,,,,,,
TO,2026,47,140,41.0,126.0,3.0,11.0,3.0,3.0,,,,,,,,,,
