uf;ano;estupro;estupro_vulneravel;populacao;taxa_estupro_por_100k;taxa_estupro_vulneravel_por_100k;cobertura_inse;fonte_crime;estupro_feminino;estupro_masculino;estupro_nao_informado;estupro_vulneravel_feminino;estupro_vulneravel_masculino;estupro_vulneravel_nao_informado;renda_per_capita;taxa_desemprego;gini;area_km2;densidade_demografica
AC;2016;0;0;816687,0;0,0;0,0;0;SINESP;0,0;0,0;0,0;0,0;0,0;0,0;1110,0;;0,564;164064,761;4,9778331131083045
AC;2017;0;0;829619,0;0,0;0,0;0;SINESP;0,0;0,0;0,0;0,0;0,0;0,0;1122,0;;0,547;164064,761;5,056655645876326
AC;2018;83;213;869265,0;9,548296549383675;24,50345981950268;0;SINESP;75,0;8,0;0,0;183,0;28,0;2,0;1202,0;13,72;0,559;164064,761;5,298304125161892
AC;2019;139;238;881935,0;15,760798698316773;26,98611575683016;1;SINESP;128,0;10,0;1,0;209,0;27,0;2,0;1202,0;14,72;0,56;164064,761;5,375529727556791
AC;2020;102;300;894470,0;11,403400896620344;33,539414401824544;0;SINESP;93,0;8,0;1,0;262,0;27,0;11,0;;13,7;0,515;164064,761;5,451932484148744
AC;2021;145;489;906876,0;15,98895549115866;53,92137403570058;1;SINESP;134,0;9,0;2,0;444,0;26,0;19,0;1157,0;;0,539;164064,761;5,527548965862328
AC;2022;297;443;830018,0;35,782356527207845;53,37233650354571;0;SINESP;257,0;16,0;24,0;404,0;39,0;0,0;1171,0;10,53;0,523;164064,761;5,059087612360585
AC;2023;282;459;830018,0;33,975166803611486;55,30000554204848;0;SINESP;263,0;6,0;13,0;408,0;43,0;8,0;1135,0;7,95;0,51;164064,761;5,059087612360585
AC;2024;210;560;880631,0;23,846537312449826;63,59076616653287;0;SINESP;189,0;19,0;2,0;509,0;48,0;3,0;1277,0;7,7;0,502;164064,761;5,367581646615753
AC;2025;123;482;884372,0;13,908174388153403;54,50195166739789;0;SINESP;121,0;2,0;0,0;453,0;28,0;1,0;;7,33;0,509;164064,761;5,390383618088469
AC;2026;40;120;;;;0;SINESP;39,0;1,0;0,0;106,0;14,0;0,0;;;;164064,761;
AL;2016;160;500;3358963,0;4,763374886832633;14,885546521351976;0;SINESP;153,0;7,0;0,0;401,0;99,0;0,0;930,0;;0,523;27830,662;120,69288901571944
AL;2017;247;573;3375823,0;7,316734319305248;16,973638724542134;0;SINESP;228,0;19,0;0,0;484,0;89,0;0,0;898,0;;0,525;27830,662;121,2986956616411
AL;2018;186;591;3322820,0;5,597655003882244;17,786097351045196;0;SINESP;169,0;16,0;1,0;503,0;85,0;3,0;975,0;17,27;0,55;27830,662;119,39421347577
AL;2019;207;598;3337357,0;6,202512946622133;17,91837073468616;1;SINESP;192,0;15,0;0,0;525,0;69,0;4,0;921,0;15,1;0,525;27830,662;119,9165510328141
AL;2020;165;690;3351543,0;4,92310556660022;20,5875323694191;0;SINESP;156,0;9,0;0,0;593,0;91,0;6,0;;16,8;0,509;27830,662;120,42627660096625
AL;2021;248;686;3365351,0;7,369216465087891;20,384203609073765;1;SINESP;232,0;15,0;1,0;589,0;91,0;6,0;1001,0;;0,526;27830,662;120,92242002723472
AL;2022;247;857;3127683,0;7,897219763000278;27,400475048142667;0;SINESP;238,0;8,0;1,0;762,0;89,0;6,0;1102,0;10,27;0,498;27830,662;112,38263035209152
AL;2023;245;928;3127683,0;7,83327466370473;29,67052607313465;0;SINESP;235,0;9,0;1,0;810,0;108,0;10,0;1140,0;9,55;0,486;27830,662;112,38263035209152
AL;2024;303;1019;3220104,0;9,40963397455486;31,644940660301657;0;SINESP;269,0;25,0;9,0;859,0;128,0;32,0;1303,0;8,5;0,516;27830,662;115,70346404264475
AL;2025;206;643;3220848,0;6,395831159992649;19,9636865819188;0;SINESP;187,0;17,0;2,0;540,0;93,0;10,0;;8,05;0,512;27830,662;115,73019714730464
AL;2026;55;165;;;;0;SINESP;50,0;5,0;0,0;140,0;23,0;2,0;;;;27830,662;
AM;2016;393;673;4001667,0;9,820907136950677;16,817991102208154;0;SINESP;335,0;32,0;26,0;533,0;97,0;43,0;974,0;;0,559;1558704,331;2,567303445825865
AM;2017;364;666;4063614,0;8,957543703708078;16,389351941399948;0;SINESP;318,0;36,0;10,0;536,0;110,0;20,0;1167,0;;0,592;1558704,331;2,607046069726998
AM;2018;300;701;4080611,0;7,351840202361852;17,17879993951886;0;SINESP;280,0;19,0;1,0;587,0;109,0;5,0;1051,0;14,03;0,545;1558704,331;2,6179506394147563
AM;2019;292;709;4144597,0;7,04531707184076;17,106608917585955;1;SINESP;270,0;21,0;1,0;609,0;100,0;0,0;1053,0;14,18;0,567;1558704,331;2,6590014010809853
AM;2020;233;665;4207714,0;5,537448600356393;15,80430609114593;0;SINESP;223,0;10,0;0,0;587,0;77,0;1,0;;14,7;0,533;1558704,331;2,6994946484177054
AM;2021;218;549;4269995,0;5,105392395073062;12,857157912362895;1;SINESP;209,0;8,0;1,0;482,0;66,0;1,0;948,0;;0,541;1558704,331;2,7394515528551517
AM;2022;278;686;3941613,0;7,052950150103524;17,40404245673028;0;SINESP;264,0;13,0;1,0;572,0;113,0;1,0;1154,0;10,0;0,509;1558704,331;2,528775292150003
AM;2023;295;791;3941613,0;7,484245662879638;20,06792650622981;0;SINESP;267,0;27,0;1,0;684,0;103,0;4,0;1233,0;9,65;0,511;1558704,331;2,528775292150003
AM;2024;390;1161;4281209,0;9,109576290248851;27,11850787943312;0;SINESP;356,0;29,0;5,0;997,0;144,0;20,0;1268,0;8,57;0,474;1558704,331;2,7466459897839344
AM;2025;416;1353;4321616,0;9,626028781826058;31,30773303319869;0;SINESP;391,0;25,0;0,0;1178,0;133,0;42,0;;8,15;0,488;1558704,331;2,772569443768357
AM;2026;142;327;;;;0;SINESP;131,0;10,0;1,0;291,0;31,0;5,0;;;;1558704,331;
AP;2016;454;0;782295,0;58,03437322237775;0,0;0;SINESP;411,0;39,0;4,0;0,0;0,0;0,0;1253,0;;0,554;142253,88;5,499287611698184
AP;2017;399;0;797722,0;50,01742461659576;0,0;0;SINESP;0,0;0,0;399,0;0,0;0,0;0,0;1158,0;;0,589;142253,88;5,6077345658339866
AP;2018;453;0;829494,0;54,61160659389941;0,0;0;SINESP;405,0;44,0;4,0;0,0;0,0;0,0;1105,0;20,35;0,548;142253,88;5,8310817251522415
AP;2019;196;435;845731,0;23,17521765194844;51,43479427855903;1;SINESP;187,0;8,0;1,0;374,0;50,0;11,0;1132,0;17,55;0,513;142253,88;5,945222724329206
AP;2020;144;400;861773,0;16,709736786833655;46,41593551898237;0;SINESP;134,0;4,0;6,0;346,0;47,0;7,0;;17,4;0,5;142253,88;6,05799293488515
AP;2021;185;478;877613,0;21,07990651916049;54,46592062788496;1;SINESP;179,0;5,0;1,0;422,0;52,0;4,0;1168,0;;0,53;142253,88;6,169343149023422
AP;2022;162;551;733759,0;22,07809376103053;75,09277569338161;0;SINESP;155,0;5,0;2,0;488,0;53,0;10,0;1314,0;11,87;0,531;142253,88;5,158094809083591
AP;2023;170;538;733759,0;23,16836999614315;73,3210768113236;0;SINESP;164,0;6,0;0,0;465,0;55,0;18,0;1447,0;12,75;0,491;142253,88;5,158094809083591
AP;2024;174;685;802837,0;21,673141621524667;85,32242534910573;0;SINESP;154,0;13,0;7,0;601,0;61,0;23,0;1482,0;9,2;0,509;142253,88;5,643691405816137
AP;2025;172;551;806517,0;21,326270865958183;68,31846073920327;0;SINESP;163,0;7,0;2,0;484,0;50,0;17,0;;8,15;0,496;142253,88;5,669560647484624
AP;2026;39;107;;;;0;SINESP;38,0;1,0;0,0;92,0;10,0;5,0;;;;142253,88;
BA;2016;893;1987;15276566,0;5,845554557221826;13,006849837849684;0;SINESP;831,0;60,0;2,0;1719,0;266,0;2,0;1102,0;;0,537;564763,876;27,04947438954116
BA;2017;957;2460;15344447,0;6,2367838997391045;16,0318583002698;0;SINESP;893,0;64,0;0,0;2125,0;326,0;9,0;1200,0;;0,586;564763,876;27,169667983509623
BA;2018;979;2420;14812617,0;6,609230495867139;16,337423697649108;0;SINESP;917,0;61,0;1,0;2125,0;292,0;3,0;1195,0;17,23;0,548;564763,876;26,22798240020578
BA;2019;1016;2469;14873064,0;6,831141182475918;16,600479901115197;1;SINESP;955,0;60,0;1,0;2112,0;354,0;3,0;1178,0;17,4;0,555;564763,876;26,335012970978333
BA;2020;859;2273;14930634,0;5,753272098157386;15,22373396869818;0;SINESP;798,0;58,0;3,0;1968,0;297,0;8,0;;18,9;0,532;564763,876;26,43694937740671
BA;2021;2978;1123;14985284,0;19,872829904324803;7,494018798709455;1;SINESP;2637,0;341,0;0,0;988,0;120,0;15,0;1055,0;;0,543;564763,876;26,53371548147672
BA;2022;1180;3709;14141626,0;8,344160706838096;26,22753564547669;0;SINESP;1111,0;66,0;3,0;3251,0;426,0;32,0;1159,0;14,63;0,507;564763,876;25,03989118454169
BA;2023;1264;4013;14141626,0;8,938151808002843;28,37721772588244;0;SINESP;1164,0;85,0;15,0;3487,0;457,0;69,0;1246,0;13,43;0,485;564763,876;25,03989118454169
BA;2024;1294;4227;14850513,0;8,713503701858649;28,46366317446408;0;SINESP;1189,0;92,0;13,0;3617,0;500,0;110,0;1340,0;11,18;0,477;564763,876;26,29508300916895
BA;2025;1139;3999;14870907,0;7,659250373901203;26,89143305112459;0;SINESP;1060,0;63,0;16,0;3373,0;539,0;87,0;;9,18;0,466;564763,876;26,331193675708818
BA;2026;275;810;;;;0;SINESP;257,0;17,0;1,0;668,0;122,0;20,0;;;;564763,876;
CE;2016;527;1143;8963663,0;5,879292873906572;12,751483405835316;0;SINESP;489,0;38,0;0,0;948,0;195,0;0,0;1061,0;;0,543;148894,44;60,20146219026043
CE;2017;531;1224;9020460,0;5,886617755635522;13,569152792651373;0;SINESP;482,0;49,0;0,0;1041,0;183,0;0,0;1167,0;;0,547;148894,44;60,58292035619328
CE;2018;468;1322;9075649,0;5,156656014352252;14,566451390969396;0;SINESP;426,0;42,0;0,0;1099,0;223,0;0,0;1213,0;11,4;0,547;148894,44;60,95357892477382
CE;2019;493;1479;9132078,0;5,398552224367773;16,19565667310332;1;SINESP;455,0;38,0;0,0;1294,0;185,0;0,0;1280,0;11,07;0,562;148894,44;61,33256554106386
CE;2020;357;1455;9187103,0;3,885882198120561;15,837419042760269;0;SINESP;322,0;34,0;1,0;1226,0;229,0;0,0;;12,4;0,542;148894,44;61,70212265817313
CE;2021;363;1566;9240580,0;3,928324845410137;16,94698817606687;1;SINESP;333,0;29,0;1,0;1369,0;193,0;4,0;1092,0;;0,55;148894,44;62,06128314798054
CE;2022;397;1500;8794957,0;4,513950437733806;17,055228354157958;0;SINESP;365,0;31,0;1,0;1323,0;174,0;3,0;1166,0;8,93;0,516;148894,44;59,06840443471227
CE;2023;363;1768;8794957,0;4,127365261706226;20,10242915343418;0;SINESP;330,0;29,0;4,0;1525,0;231,0;12,0;1220,0;9,05;0,51;148894,44;59,06840443471227
CE;2024;349;1679;9233656,0;3,7796513103802;18,18348008632767;0;SINESP;316,0;31,0;2,0;1440,0;231,0;8,0;1247,0;7,35;0,487;148894,44;62,01478040415747
CE;2025;340;1569;9268836,0;3,6682060185335033;16,92769189140902;0;SINESP;307,0;33,0;0,0;1328,0;229,0;12,0;;6,5;0,506;148894,44;62,25105517707713
CE;2026;77;301;;;;0;SINESP;71,0;5,0;1,0;270,0;31,0;0,0;;;;148894,44;
DF;2016;632;0;2977216,0;21,227885380167244;0,0;0;SINESP;554,0;70,0;8,0;0,0;0,0;0,0;3223,0;;0,579;5760,785;516,8073448323449
DF;2017;805;0;3039444,0;26,48510714459618;0,0;0;SINESP;698,0;103,0;4,0;0,0;0,0;0,0;3332,0;;0,594;5760,785;527,6093449069875
DF;2018;322;538;2974703,0;10,824610053507865;18,08583915772432;0;SINESP;289,0;33,0;0,0;461,0;77,0;0,0;3471,0;12,8;0,571;5760,785;516,3711195609626
DF;2019;293;462;3015268,0;9,717212533015308;15,32202112714359;1;SINESP;268,0;21,0;4,0;359,0;103,0;0,0;3314,0;13,45;0,554;5760,785;523,4126946240833
DF;2020;271;478;3055149,0;8,870271138985366;15,645718097546144;0;SINESP;243,0;28,0;0,0;402,0;75,0;1,0;;13,6;0,549;5760,785;530,3355358688095
DF;2021;263;469;3094325,0;8,499430408893701;15,156778942095611;1;SINESP;232,0;29,0;2,0;405,0;62,0;2,0;2985,0;;0,567;5760,785;537,1359979586116
DF;2022;252;623;2817381,0;8,944477158041456;22,11273519626916;0;SINESP;227,0;24,0;1,0;518,0;105,0;0,0;3649,0;10,97;0,536;5760,785;489,06199415531046
DF;2023;327;718;2817381,0;11,606523931268082;25,484661109022884;0;SINESP;292,0;35,0;0,0;580,0;136,0;2,0;3444,0;9,85;0,542;5760,785;489,06199415531046
DF;2024;333;741;2982818,0;11,163939603422;24,842280018425527;0;SINESP;308,0;25,0;0,0;600,0;141,0;0,0;3531,0;9,32;0,547;5760,785;517,7797817484943
DF;2025;285;614;2996899,0;9,509829994270746;20,487844268358728;0;SINESP;266,0;19,0;0,0;514,0;100,0;0,0;;8,17;0,57;5760,785;520,2240666853562
DF;2026;85;151;;;;0;SINESP;80,0;5,0;0,0;126,0;25,0;0,0;;;;5760,785;
ES;2016;0;0;3973697,0;0,0;0,0;0;SINESP;0,0;0,0;0,0;0,0;0,0;0,0;1645,0;;0,509;46074,44;86,24515023948202
ES;2017;0;0;4016356,0;0,0;0,0;0;SINESP;0,0;0,0;0,0;0,0;0,0;0,0;1677,0;;0,504;46074,44;87,17102150346265
ES;2018;1602;0;3972388,0;40,32838685445631;0,0;0;SINESP;1143,0;173,0;286,0;0,0;0,0;0,0;1753,0;11,68;0,507;46074,44;86,21673969341786
ES;2019;1797;0;4018650,0;44,71650927550297;0,0;1;SINESP;1289,0;222,0;286,0;0,0;0,0;0,0;1822,0;11,18;0,518;46074,44;87,2208104970999
ES;2020;1543;0;4064052,0;37,96703388637744;0,0;0;SINESP;1144,0;151,0;248,0;0,0;0,0;0,0;;11,3;0,482;46074,44;88,2062158541699
ES;2021;1510;0;4108508,0;36,75300133284394;0,0;1;SINESP;1121,0;164,0;225,0;0,0;0,0;0,0;1725,0;;0,507;46074,44;89,17108921996665
ES;2022;1773;0;3833712,0;46,24760545393081;0,0;0;SINESP;1390,0;171,0;212,0;0,0;0,0;0,0;1890,0;7,53;0,49;46074,44;83,20691472321747
ES;2023;457;1558;3833712,0;11,920561586264174;40,63946378862053;0;SINESP;404,0;38,0;15,0;1182,0;293,0;83,0;1928,0;6,08;0,483;46074,44;83,20691472321747
ES;2024;1869;0;4102129,0;45,56170710379903;0,0;0;SINESP;1532,0;257,0;80,0;0,0;0,0;0,0;2071,0;4,62;0,48;46074,44;89,03263935492215
ES;2025;398;1103;4126854,0;9,64415024132184;26,72738119642711;0;SINESP;341,0;33,0;24,0;885,0;154,0;64,0;;3,02;0,48;46074,44;89,56927094501853
ES;2026;116;257;;;;0;SINESP;96,0;9,0;11,0;204,0;33,0;20,0;;;;46074,44;
GO;2016;560;1559;6695855,0;8,363383018300127;23,283060938446248;0;SINESP;533,0;27,0;0,0;1307,0;250,0;2,0;1611,0;;0,467;340242,859;19,67963418741435
GO;2017;702;2356;6778772,0;10,355857963654774;34,75555749625448;0;SINESP;655,0;47,0;0,0;2018,0;333,0;5,0;1781,0;;0,477;340242,859;19,92333364445424
GO;2018;808;2786;6921161,0;11,67434192038012;40,25336211655819;0;SINESP;761,0;42,0;5,0;2362,0;401,0;23,0;1735,0;9,35;0,47;340242,859;20,34182589560241
GO;2019;916;2824;7018354,0;13,051493270359405;40,23735479857528;1;SINESP;864,0;44,0;8,0;2421,0;384,0;19,0;1715,0;10,82;0,46;340242,859;20,62748361751804
GO;2020;708;2594;7113540,0;9,952850479508092;36,4656696946949;0;SINESP;662,0;43,0;3,0;2244,0;330,0;20,0;;11,6;0,445;340242,859;20,90724261166639
GO;2021;870;2690;7206589,0;12,07228551538044;37,32695176594641;1;SINESP;817,0;49,0;4,0;2348,0;312,0;30,0;1629,0;;0,467;340242,859;21,180720798022687
GO;2022;828;3290;7056495,0;11,73387071060066;46,62371333076832;0;SINESP;763,0;58,0;7,0;2833,0;412,0;45,0;1913,0;6,6;0,455;340242,859;20,739582957713157
GO;2023;795;3643;7056495,0;11,266216443149183;51,626196858355314;0;SINESP;726,0;60,0;9,0;3102,0;485,0;56,0;2080,0;6,15;0,472;340242,859;20,739582957713157
GO;2024;793;3599;7350483,0;10,788406693818624;48,96276884117683;0;SINESP;745,0;38,0;10,0;3073,0;470,0;56,0;2127,0;5,35;0,462;340242,859;21,60363636022704
GO;2025;749;3164;7423629,0;10,089405060516896;42,62066436779101;0;SINESP;687,0;53,0;9,0;2641,0;457,0;66,0;;4,53;0,479;340242,859;21,818618094788583
GO;2026;174;655;;;;0;SINESP;157,0;16,0;1,0;542,0;102,0;11,0;;;;340242,859;
MA;2016;1090;0;6954036,0;15,67435083741298;0,0;0;SINESP;847,0;195,0;48,0;0,0;0,0;0,0;782,0;;0,517;329651,463;21,095116450309824
MA;2017;1312;0;7000229,0;18,74224400373188;0,0;0;SINESP;994,0;212,0;106,0;0,0;0,0;0,0;857,0;;0,526;329651,463;21,23524323627831
MA;2018;1286;0;7035055,0;18,27988551617578;0,0;0;SINESP;990,0;223,0;73,0;0,0;0,0;0,0;848,0;14,72;0,527;329651,463;21,34088814888712
MA;2019;1477;0;7075181,0;20,87579102216608;0,0;1;SINESP;1223,0;190,0;64,0;0,0;0,0;0,0;857,0;14,65;0,531;329651,463;21,462610648265198
MA;2020;1418;0;7114598,0;19,93085203127429;0,0;0;SINESP;1166,0;197,0;55,0;0,0;0,0;0,0;;16,5;0,482;329651,463;21,58218239122452
MA;2021;524;1492;7153262,0;7,32532933925809;20,857617126284484;1;SINESP;485,0;36,0;3,0;1342,0;134,0;16,0;789,0;;0,529;329651,463;21,699469903459825
MA;2022;455;1646;6776699,0;6,714183409946347;24,289111852245465;0;SINESP;442,0;13,0;0,0;1527,0;119,0;0,0;995,0;9,6;0,49;329651,463;20,55716343051692
MA;2023;397;1457;6776699,0;5,858309480766374;21,50014335888314;0;SINESP;387,0;10,0;0,0;1345,0;112,0;0,0;1019,0;8,22;0,491;329651,463;20,55716343051692
MA;2024;379;1392;7010960,0;5,405821741958305;19,85462761162523;0;SINESP;364,0;15,0;0,0;1246,0;146,0;0,0;1103,0;7,58;0,487;329651,463;21,26779579922568
MA;2025;432;1687;7018211,0;6,15541482010159;24,037464818313385;0;SINESP;407,0;25,0;0,0;1510,0;176,0;1,0;;6,6;0,491;329651,463;21,28979175803021
MA;2026;103;414;;;;0;SINESP;93,0;10,0;0,0;365,0;49,0;0,0;;;;329651,463;
MG;2016;1789;3224;20997560,0;8,520037566269604;15,354164960119176;0;SINESP;1660,0;115,0;14,0;2598,0;597,0;29,0;1646,0;;0,491;586514,008;35,800611261785924
MG;2017;1803;3766;21119536,0;8,537119376107505;17,831831153866258;0;SINESP;1682,0;115,0;6,0;3157,0;571,0;38,0;1745,0;;0,494;586514,008;36,00857901419466
MG;2018;1777;4126;21040662,0;8,445551760681294;19,609649164080484;0;SINESP;1676,0;94,0;7,0;3457,0;623,0;46,0;1734,0;10,78;0,492;586514,008;35,87409970266217
MG;2019;1536;4055;21168791,0;7,255964688772259;19,155557820944992;1;SINESP;1443,0;88,0;5,0;3427,0;581,0;47,0;1779,0;10,12;0,487;586514,008;36,09255825310143
MG;2020;1301;3598;21292666,0;6,110085040548703;16,897837029895644;0;SINESP;1218,0;79,0;4,0;3062,0;501,0;35,0;;11,7;0,46;586514,008;36,30376377984138
MG;2021;1270;3808;21411923,0;5,931274832251171;17,784483906466505;1;SINESP;1188,0;70,0;12,0;3294,0;476,0;38,0;1658,0;;0,486;586514,008;36,50709566684382
MG;2022;1173;3643;20539989,0;5,710811237532795;17,73613413327534;0;SINESP;1117,0;54,0;2,0;3178,0;418,0;47,0;1816,0;6,47;0,465;586514,008;35,02045768700549
MG;2023;1284;4187;20539989,0;6,251220485074261;20,38462630140649;0;SINESP;1194,0;85,0;5,0;3560,0;586,0;41,0;1935,0;6,08;0,474;586514,008;35,02045768700549
MG;2024;1477;4196;21322691,0;6,926893045535388;19,67856683755348;0;SINESP;1384,0;91,0;2,0;3524,0;615,0;57,0;2001,0;5,22;0,447;586514,008;36,35495607804818
MG;2025;1369;4151;21393441,0;6,399157573575939;19,403143234414696;0;SINESP;1262,0;101,0;6,0;3458,0;638,0;55,0;;4,4;0,473;586514,008;36,47558405800258
MG;2026;369;951;;;;0;SINESP;345,0;21,0;3,0;802,0;137,0;12,0;;;;586514,008;
MS;2016;2100;0;2682386,0;78,28850881267648;0,0;0;SINESP;688,0;78,0;1334,0;0,0;0,0;0,0;1876,0;;0,471;357142,01;7,510698615377115
MS;2017;2324;0;2713147,0;85,65698799217293;0,0;0;SINESP;832,0;109,0;1383,0;0,0;0,0;0,0;1899,0;;0,465;357142,01;7,596829619679857
MS;2018;2523;0;2748023,0;91,81145863771884;0,0;0;SINESP;1964,0;289,0;270,0;0,0;0,0;0,0;1969,0;7,62;0,491;357142,01;7,694482651312849
MS;2019;2544;0;2778986,0;91,54418194262225;0,0;1;SINESP;2165,0;313,0;66,0;0,0;0,0;0,0;1984,0;8,1;0,484;357142,01;7,781179256957198
MS;2020;2369;0;2809394,0;84,32423504855495;0,0;0;SINESP;2000,0;264,0;105,0;0,0;0,0;0,0;;7,9;0,47;357142,01;7,866321858915449
MS;2021;2398;147;2839188,0;84,46076836053125;5,177536675979189;1;SINESP;1988,0;245,0;165,0;118,0;21,0;8,0;1773,0;;0,497;357142,01;7,949745256795749
MS;2022;2204;0;2757013,0;79,94158895877531;0,0;0;SINESP;1922,0;214,0;68,0;0,0;0,0;0,0;2226,0;4,53;0,479;357142,01;7,719654711020975
MS;2023;2723;0;2757013,0;98,76630977075553;0,0;0;SINESP;2367,0;284,0;72,0;0,0;0,0;0,0;2192,0;4,25;0,476;357142,01;7,719654711020975
MS;2024;2315;0;2901895,0;79,77545707201674;0,0;0;SINESP;1968,0;259,0;88,0;0,0;0,0;0,0;2160,0;3,98;0,454;357142,01;8,125325273271548
MS;2025;1489;1198;2924631,0;50,912405701779136;40,96243252567589;0;SINESP;1283,0;176,0;30,0;1013,0;152,0;33,0;;3,05;0,457;357142,01;8,188986224275324
MS;2026;294;292;;;;0;SINESP;252,0;31,0;11,0;239,0;39,0;14,0;;;;357142,01;
MT;2016;700;1298;3305531,0;21,176627900328267;39,267518592322986;0;SINESP;644,0;54,0;2,0;1116,0;172,0;10,0;1621,0;;0,454;903208,027;3,659767076007176
MT;2017;753;1374;3344544,0;22,514279973592814;41,08183357731278;0;SINESP;693,0;56,0;4,0;1173,0;199,0;2,0;1725,0;;0,464;903208,027;3,702960890536904
MT;2018;702;1553;3441998,0;20,39513096753688;45,11914300938002;0;SINESP;642,0;58,0;2,0;1316,0;234,0;3,0;1848,0;7,97;0,465;903208,027;3,810858514436121
MT;2019;712;1554;3484466,0;20,4335470628785;44,5979383928556;1;SINESP;660,0;51,0;1,0;1326,0;224,0;4,0;1831,0;8,03;0,456;903208,027;3,857877582835078
MT;2020;666;1291;3526220,0;18,88708021620885;36,61144228096942;0;SINESP;621,0;45,0;0,0;1115,0;176,0;0,0;;8,6;0,463;903208,027;3,904106135673216
MT;2021;624;1372;3567234,0;17,49254464383329;38,46117187714627;1;SINESP;566,0;58,0;0,0;1178,0;193,0;1,0;1668,0;;0,462;903208,027;3,9495153866696096
MT;2022;650;1552;3658649,0;17,766120772995713;42,42002990721439;0;SINESP;595,0;55,0;0,0;1376,0;174,0;2,0;2018,0;3,97;0,45;903208,027;4,050726843241397
MT;2023;660;1839;3658649,0;18,03944570796488;50,26445554082941;0;SINESP;622,0;38,0;0,0;1604,0;234,0;1,0;2100,0;3,48;0,453;903208,027;4,050726843241397
MT;2024;675;2040;3836399,0;17,594624542442013;53,17486528382475;0;SINESP;608,0;65,0;2,0;1752,0;283,0;5,0;2246,0;2,97;0,442;903208,027;4,247525359957856
MT;2025;670;1667;3887782,0;17,233476568387836;42,87791856642168;0;SINESP;626,0;44,0;0,0;1434,0;233,0;0,0;;2,75;0,439;903208,027;4,304414801220538
MT;2026;170;328;;;;0;SINESP;153,0;17,0;0,0;280,0;47,0;1,0;;;;903208,027;
PA;2016;1048;1954;8272724,0;12,668136879702503;23,6197895638728;0;SINESP;988,0;48,0;12,0;1698,0;255,0;1,0;960,0;;0,51;1245831,512;6,64032328634821
PA;2017;935;2398;8366628,0;11,17535045181882;28,66148704113533;0;SINESP;899,0;35,0;1,0;2101,0;293,0;4,0;1025,0;;0,506;1245831,512;6,715697844701812
PA;2018;906;2753;8513497,0;10,641925403861656;32,33688812012267;0;SINESP;851,0;49,0;6,0;2347,0;320,0;86,0;1084,0;11,2;0,561;1245831,512;6,833586177582575
PA;2019;852;2742;8602865,0;9,903677437690815;31,873102739610584;1;SINESP;802,0;46,0;4,0;2384,0;325,0;33,0;1085,0;10,85;0,528;1245831,512;6,905319794158489
PA;2020;750;2550;8690745,0;8,629870051416766;29,341558174817003;0;SINESP;709,0;41,0;0,0;2265,0;282,0;3,0;;10,7;0,479;1245831,512;6,975859027717385
PA;2021;693;2985;8777124,0;7,895524775541509;34,00886212841473;1;SINESP;662,0;31,0;0,0;2669,0;309,0;7,0;1061,0;;0,528;1245831,512;7,045193443461398
PA;2022;820;3735;8120131,0;10,09835925060815;45,996794879294434;0;SINESP;772,0;48,0;0,0;3354,0;347,0;34,0;1267,0;8,7;0,506;1245831,512;6,517840431700366
PA;2023;948;4600;8120131,0;11,674688499483567;56,64933238146035;0;SINESP;899,0;46,0;3,0;4116,0;438,0;46,0;1330,0;8,53;0,499;1245831,512;6,517840431700366
PA;2024;893;4364;8664306,0;10,3066535277032;50,36756550380377;0;SINESP;834,0;54,0;5,0;3865,0;413,0;86,0;1364,0;7,5;0,49;1245831,512;6,9546370568928095
PA;2025;782;4722;8711196,0;8,97695333683228;54,20610442010489;0;SINESP;720,0;49,0;13,0;4172,0;452,0;98,0;;6,97;0,492;1245831,512;6,992274570110569
PA;2026;174;927;;;;0;SINESP;165,0;5,0;4,0;791,0;105,0;31,0;;;;1245831,512;
PB;2016;464;0;3999415,0;11,601696748149417;0,0;0;SINESP;426,0;37,0;1,0;0,0;0,0;0,0;1151,0;;0,528;56467,243;70,82716965657417
PB;2017;365;0;4025558,0;9,067065981908597;0,0;0;SINESP;300,0;62,0;3,0;0,0;0,0;0,0;1250,0;;0,549;56467,243;71,29014604095333
PB;2018;258;0;3996496,0;6,4556551539148295;0,0;0;SINESP;239,0;18,0;1,0;0,0;0,0;0,0;1215,0;11,3;0,551;56467,243;70,77547596931552
PB;2019;298;0;4018127,0;7,416390771122964;0,0;1;SINESP;264,0;32,0;2,0;0,0;0,0;0,0;1192,0;11,75;0,563;56467,243;71,15854762025481
PB;2020;312;0;4039277,0;7,724154594993114;0,0;0;SINESP;296,0;16,0;0,0;0,0;0,0;0,0;;13,9;0,515;56467,243;71,53310105825425
PB;2021;511;0;4059905,0;12,586501408284184;0,0;1;SINESP;421,0;37,0;53,0;0,0;0,0;0,0;1047,0;;0,562;56467,243;71,89841019863498
PB;2022;509;0;3974687,0;12,80603982150041;0,0;0;SINESP;462,0;47,0;0,0;0,0;0,0;0,0;1207,0;11,17;0,558;56467,243;70,38925204830701
PB;2023;575;0;3974687,0;14,466547931950364;0,0;0;SINESP;522,0;51,0;2,0;0,0;0,0;0,0;1356,0;10,1;0,561;56467,243;70,38925204830701
PB;2024;256;898;4145040,0;6,176056202111439;21,66444714646904;0;SINESP;240,0;16,0;0,0;802,0;96,0;0,0;1409,0;8,72;0,496;56467,243;73,40609847022282
PB;2025;270;1081;4164468,0;6,483421171683874;25,957697357741733;0;SINESP;254,0;16,0;0,0;959,0;122,0;0,0;;7,1;0,507;56467,243;73,75015635170996
PB;2026;62;250;;;;0;SINESP;58,0;4,0;0,0;215,0;34,0;1,0;;;;56467,243;
PE;2016;924;1560;9410336,0;9,818990522761355;16,57751646699969;0;SINESP;832,0;89,0;3,0;1302,0;253,0;5,0;1155,0;;0,567;98064,415;95,96076211743068
PE;2017;976;1577;9473266,0;10,30267702817592;16,646845976878513;0;SINESP;898,0;77,0;1,0;1351,0;222,0;4,0;1173,0;;0,551;98064,415;96,60248317394236
PE;2018;958;1996;9496294,0;10,0881459651523;21,01872583136116;0;SINESP;875,0;81,0;2,0;1698,0;292,0;6,0;1184,0;16,9;0,535;98064,415;96,83730841610588
PE;2019;895;1945;9557071,0;9,364793878794035;20,35142356899933;1;SINESP;793,0;98,0;4,0;1643,0;295,0;7,0;1215,0;15,65;0,573;98064,415;97,457074515766
PE;2020;791;1893;9616621,0;8,225342352578936;19,684668866538463;0;SINESP;738,0;52,0;1,0;1636,0;244,0;13,0;;14,8;0,536;98064,415;98,06432843147029
PE;2021;769;1988;9674793,0;7,948490474163117;20,54824325440348;1;SINESP;698,0;67,0;4,0;1736,0;238,0;14,0;1007,0;;0,58;98064,415;98,65753035899924
PE;2022;815;2083;9058931,0;8,996646513810514;22,99388305308872;0;SINESP;750,0;60,0;5,0;1829,0;223,0;31,0;1207,0;13,3;0,514;98064,415;92,37735217203917
PE;2023;856;2252;9056843,0;9,4514170114244;24,86517653005578;0;SINESP;798,0;53,0;5,0;1917,0;292,0;43,0;1207,0;13,4;0,495;98064,415;92,3560600448185
PE;2024;786;2006;9539029,0;8,239832377068987;21,02939408193433;0;SINESP;735,0;44,0;7,0;1721,0;257,0;28,0;1448,0;11,22;0,53;98064,415;97,27309340498284
PE;2025;698;1733;9562007,0;7,299722746490356;18,123810200097115;0;SINESP;630,0;63,0;5,0;1451,0;247,0;35,0;;10,2;0,52;98064,415;97,50740877819952
PE;2026;139;411;;;;0;SINESP;133,0;6,0;0,0;326,0;78,0;7,0;;;;98064,415;
PI;2016;189;572;3212180,0;5,883854578510544;17,80722126406366;0;SINESP;171,0;17,0;1,0;492,0;78,0;2,0;1061,0;;0,528;251755,499;12,759125471972313
PI;2017;220;717;3219257,0;6,833875021472346;22,272219956343964;0;SINESP;196,0;20,0;4,0;619,0;95,0;3,0;1042,0;;0,53;251755,499;12,7872360793994
PI;2018;230;706;3264531,0;7,045422451188241;21,62638369799521;0;SINESP;218,0;11,0;1,0;618,0;82,0;6,0;1100,0;12,93;0,53;251755,499;12,967069291304735
PI;2019;264;767;3273227,0;8,065435119531887;23,43253309348848;1;SINESP;243,0;18,0;3,0;654,0;95,0;18,0;1062,0;13,03;0,538;251755,499;13,00161074138047
PI;2020;198;709;3281480,0;6,033862769238271;21,606104562575425;0;SINESP;185,0;11,0;2,0;618,0;78,0;13,0;;14,2;0,474;251755,499;13,034392547667846
PI;2021;209;942;3289290,0;6,3539548048363015;28,63839916820956;1;SINESP;186,0;22,0;1,0;828,0;99,0;15,0;1116,0;;0,515;251755,499;13,065414710166866
PI;2022;281;1056;3271199,0;8,590122459685272;32,281741343158885;0;SINESP;259,0;20,0;2,0;933,0;104,0;19,0;1320,0;9,4;0,518;251755,499;12,993555306611198
PI;2023;306;1157;3271199,0;9,354368230119904;35,3692942557148;0;SINESP;297,0;8,0;1,0;1012,0;113,0;32,0;1341,0;10,32;0,549;251755,499;12,993555306611198
PI;2024;252;1146;3375646,0;7,465237764860415;33,94905745448427;0;SINESP;229,0;17,0;6,0;975,0;132,0;39,0;1427,0;8,28;0,493;251755,499;13,408430057768072
PI;2025;283;1223;3384547,0;8,361532577328665;36,13482099672423;0;SINESP;253,0;19,0;11,0;1027,0;138,0;58,0;;8,55;0,508;251755,499;13,443785789958056
PI;2026;58;185;;;;0;SINESP;54,0;3,0;1,0;159,0;19,0;7,0;;;;251755,499;
PR;2016;1217;3724;11242720,0;10,824782614883231;33,12365690864844;0;SINESP;1086,0;131,0;0,0;3105,0;619,0;0,0;1997,0;;0,476;199293,571;56,41285839571815
PR;2017;1448;4129;11320892,0;12,790511560396478;36,4723910448046;0;SINESP;1297,0;151,0;0,0;3529,0;600,0;0,0;2052,0;;0,48;199293,571;56,80510386358625
PR;2018;1467;5452;11348937,0;12,926320764667212;48,039741519403975;0;SINESP;1324,0;143,0;0,0;4570,0;881,0;1,0;2112,0;8,85;0,491;199293,571;56,945825914273975
PR;2019;1516;5685;11433957,0;13,25875197886436;49,72031992074135;1;SINESP;1365,0;151,0;0,0;4779,0;902,0;4,0;2137,0;8,65;0,476;199293,571;57,37243275148098
PR;2020;1338;4953;11516840,0;11,617770152229255;43,00658861284867;0;SINESP;1215,0;121,0;2,0;4188,0;764,0;1,0;;8,0;0,46;199293,571;57,78831671393956
PR;2021;1450;5111;11597484,0;12,502711795075552;44,06990343767665;1;SINESP;1322,0;127,0;1,0;4394,0;714,0;3,0;1914,0;;0,475;199293,571;58,19296599387042
PR;2022;1619;5566;11444380,0;14,146681602673103;48,63522532456979;0;SINESP;1477,0;140,0;2,0;4884,0;681,0;1,0;2082,0;5,53;0,468;199293,571;57,424732481711615
PR;2023;1751;6220;11444380,0;15,300086155824957;54,349820610640336;0;SINESP;1610,0;141,0;0,0;5350,0;869,0;1,0;2150,0;4,9;0,461;199293,571;57,424732481711615
PR;2024;1925;6249;11824665,0;16,27953096345647;52,84716311202051;0;SINESP;1753,0;170,0;2,0;5313,0;934,0;2,0;2391,0;4,1;0,473;199293,571;59,332897396875886
PR;2025;1512;5342;11890517,0;12,716015628252327;44,92655786119308;0;SINESP;1376,0;135,0;1,0;4467,0;858,0;17,0;;3,62;0,47;199293,571;59,66332451336326
PR;2026;400;1174;;;;0;SINESP;372,0;28,0;0,0;976,0;197,0;1,0;;;;199293,571;
RJ;2016;4705;0;16635996,0;28,282045751874428;0,0;0;SINESP;4013,0;609,0;83,0;0,0;0,0;0,0;1911,0;;0,526;43750,424;380,2476519998983
RJ;2017;4952;0;16718956,0;29,61907430105085;0,0;0;SINESP;4173,0;701,0;78,0;0,0;0,0;0,0;1981,0;;0,519;43750,424;382,1438621943413
RJ;2018;5310;0;17159960,0;30,94412807489062;0,0;0;SINESP;4543,0;700,0;67,0;0,0;0,0;0,0;2153,0;15,05;0,544;43750,424;392,2238559333734
RJ;2019;5450;0;17264943,0;31,566857764893868;0,0;1;SINESP;4687,0;696,0;67,0;0,0;0,0;0,0;2322,0;14,75;0,553;43750,424;394,6234441065074
RJ;2020;4746;0;17366189,0;27,328966648929136;0,0;0;SINESP;4086,0;599,0;61,0;0,0;0,0;0,0;;14,7;0,549;43750,424;396,9376159645904
RJ;2021;5110;0;17463349,0;29,261283159375672;0,0;1;SINESP;4429,0;627,0;54,0;0,0;0,0;0,0;2096,0;;0,566;43750,424;399,1583944420744
RJ;2022;5627;0;16055174,0;35,047891726368086;0,0;0;SINESP;4907,0;651,0;69,0;0,0;0,0;0,0;2293,0;12,1;0,54;43750,424;366,9718492328212
RJ;2023;5528;0;16055174,0;34,4312680759486;0,0;0;SINESP;4759,0;691,0;78,0;0,0;0,0;0,0;2348,0;11,0;0,539;43750,424;366,9718492328212
RJ;2024;5819;0;17219679,0;33,792732140941766;0,0;0;SINESP;5013,0;724,0;82,0;0,0;0,0;0,0;2399,0;9,2;0,522;43750,424;393,5888484189319
RJ;2025;5867;0;17223547,0;34,06383133509026;0,0;0;SINESP;5068,0;706,0;93,0;0,0;0,0;0,0;;7,95;0,543;43750,424;393,6772589906786
RJ;2026;964;0;;;;0;SINESP;816,0;129,0;19,0;0,0;0,0;0,0;;;;43750,424;
RN;2016;165;163;3474998,0;4,7482041716283;4,690650181669169;0;SINESP;146,0;10,0;9,0;134,0;22,0;7,0;1291,0;;0,542;52809,6;65,80239198933528
RN;2017;127;133;3507003,0;3,621325673231531;3,792411925510186;0;SINESP;54,0;1,0;72,0;61,0;4,0;68,0;1199,0;;0,523;52809,6;66,40843710234503
RN;2018;200;234;3479010,0;5,748761860414313;6,7260513766847465;0;SINESP;164,0;7,0;29,0;174,0;32,0;28,0;1259,0;13,72;0,54;52809,6;65,87836302490456
RN;2019;215;344;3506853,0;6,130852932814692;9,809364692503506;1;SINESP;184,0;20,0;11,0;274,0;62,0;8,0;1425,0;13,35;0,555;52809,6;66,40559670968915
RN;2020;216;493;3534165,0;6,11176897513274;13,949546781205743;0;SINESP;204,0;9,0;3,0;421,0;68,0;4,0;;15,7;0,513;52809,6;66,92277540447192
RN;2021;190;593;3560903,0;5,33572523598649;16,653079289157834;1;SINESP;176,0;11,0;3,0;496,0;86,0;11,0;1240,0;;0,588;52809,6;67,42908486335818
RN;2022;254;750;3302729,0;7,69060979571742;22,708493491291595;0;SINESP;237,0;15,0;2,0;644,0;98,0;8,0;1359,0;10,83;0,523;52809,6;62,54031463976247
RN;2023;298;1070;3302729,0;9,022841413873191;32,39745071424268;0;SINESP;280,0;14,0;4,0;877,0;157,0;36,0;1469,0;10,3;0,53;52809,6;62,54031463976247
RN;2024;294;982;3446071,0;8,531455097704022;28,496220768521603;0;SINESP;273,0;19,0;2,0;828,0;123,0;31,0;1542,0;9,15;0,522;52809,6;65,2546317336242
RN;2025;356;991;3455236,0;10,30320360172214;28,681108902546743;0;SINESP;322,0;25,0;9,0;821,0;129,0;41,0;;7,9;0,54;52809,6;65,4281797248985
RN;2026;88;121;;;;0;SINESP;50,0;38,0;0,0;86,0;34,0;1,0;;;;52809,6;
RO;2016;643;0;1787279,0;35,976475972693684;0,0;0;SINESP;551,0;91,0;1,0;0,0;0,0;0,0;1272,0;;0,465;237753,439;7,517363397633125
RO;2017;958;0;1805788,0;53,05163175300756;0,0;0;SINESP;857,0;99,0;2,0;0,0;0,0;0,0;1344,0;;0,447;237753,439;7,595212955047939
RO;2018;1203;0;1757589,0;68,44603601865965;0,0;0;SINESP;1060,0;142,0;1,0;0,0;0,0;0,0;1431,0;9,18;0,497;237753,439;7,392486129296325
RO;2019;1239;0;1777225,0;69,71542714062653;0,0;1;SINESP;1098,0;138,0;3,0;0,0;0,0;0,0;1478,0;8,1;0,472;237753,439;7,475075891541572
RO;2020;1047;0;1796460,0;58,28128653017601;0,0;0;SINESP;925,0;117,0;5,0;0,0;0,0;0,0;;8,5;0,439;237753,439;7,555979032547243
RO;2021;1061;0;1815278,0;58,4483478563614;0,0;1;SINESP;974,0;84,0;3,0;0,0;0,0;0,0;1378,0;;0,458;237753,439;7,635128255705273
RO;2022;1082;0;1581196,0;68,42921434154906;0,0;0;SINESP;987,0;95,0;0,0;0,0;0,0;0,0;1575,0;4,23;0,446;237753,439;6,650570467668398
RO;2023;1745;0;1581196,0;110,35950002403244;0,0;0;SINESP;1523,0;179,0;43,0;0,0;0,0;0,0;1575,0;2,85;0,454;237753,439;6,650570467668398
RO;2024;1693;0;1746227,0;96,95188540779635;0,0;0;SINESP;1462,0;181,0;50,0;0,0;0,0;0,0;1750,0;2,95;0,442;237753,439;7,344697125495627
RO;2025;287;1123;1751950,0;16,38174605439653;64,10000285396272;0;SINESP;255,0;26,0;6,0;929,0;124,0;70,0;;2,65;0,458;237753,439;7,368768280992141
RO;2026;93;221;;;;0;SINESP;82,0;9,0;2,0;169,0;35,0;17,0;;;;237753,439;
RR;2016;153;118;514229,0;29,753281125724143;22,94697498585261;0;SINESP;145,0;4,0;4,0;107,0;10,0;1,0;1362,0;;0,538;223505,058;2,300748826901269
RR;2017;184;204;522636,0;35,2061472994589;39,032902440704426;0;SINESP;174,0;10,0;0,0;179,0;21,0;4,0;1446,0;;0,526;223505,058;2,3383631881834197
RR;2018;98;228;576568,0;16,997127832276504;39,54433822203105;0;SINESP;82,0;14,0;2,0;201,0;21,0;6,0;1466,0;12,45;0,567;223505,058;2,5796642150264
RR;2019;116;229;605761,0;19,149466538783447;37,80368825328801;1;SINESP;106,0;6,0;4,0;189,0;27,0;13,0;1348,0;15,1;0,58;223505,058;2,7102787087708773
RR;2020;131;303;631181,0;20,75474388487613;48,00524730624021;0;SINESP;117,0;11,0;3,0;249,0;35,0;19,0;;16,7;0,54;223505,058;2,824012152780901
RR;2021;151;473;652713,0;23,134210594855627;72,46676563819014;1;SINESP;146,0;5,0;0,0;417,0;45,0;11,0;1243,0;;0,597;223505,058;2,9203500173137025
RR;2022;174;603;636707,0;27,32811167460072;94,706042182668;0;SINESP;169,0;4,0;1,0;534,0;55,0;14,0;1449,0;5,23;0,548;223505,058;2,8487364254638035
RR;2023;142;584;636707,0;22,302252056283344;91,72193803429208;0;SINESP;128,0;12,0;2,0;511,0;54,0;19,0;1453,0;6,65;0,521;223505,058;2,8487364254638035
RR;2024;182;674;716793,0;25,390872957743728;94,02993611823776;0;SINESP;162,0;14,0;6,0;578,0;63,0;33,0;1630,0;6,9;0,53;223505,058;3,207054938327168
RR;2025;141;540;738772,0;19,085726042676225;73,0942699506749;0;SINESP;127,0;10,0;4,0;439,0;66,0;35,0;;5,7;0,506;223505,058;3,305392757599249
RR;2026;33;122;;;;0;SINESP;29,0;1,0;3,0;101,0;13,0;8,0;;;;223505,058;
RS;2016;1721;2945;11286500,0;15,248305497718512;26,0931200992336;0;SINESP;1545,0;176,0;0,0;2478,0;467,0;0,0;2160,0;;0,473;281707,15;40,0646557959214
RS;2017;1800;3360;11322895,0;15,896994540707125;29,674389809319965;0;SINESP;1635,0;165,0;0,0;2794,0;566,0;0,0;2218,0;;0,481;281707,15;40,193850244837584
RS;2018;2114;3216;11329605,0;18,659079464818056;28,385808684415743;0;SINESP;1899,0;215,0;0,0;2684,0;532,0;0,0;2208,0;8,2;0,486;281707,15;40,21766930658309
RS;2019;1502;3794;11377239,0;13,201797026501772;33,34728223605042;1;SINESP;1392,0;110,0;0,0;3193,0;601,0;0,0;2300,0;8,15;0,481;281707,15;40,38675979647659
RS;2020;1150;3552;11422973,0;10,067431657240196;31,095232388275804;0;SINESP;1091,0;59,0;0,0;3007,0;545,0;0,0;;8,5;0,475;281707,15;40,54910569362545
RS;2021;1167;3898;11466630,0;10,177358125273075;33,994294749198325;1;SINESP;1087,0;80,0;0,0;3327,0;571,0;0,0;2085,0;;0,467;281707,15;40,70407868596874
RS;2022;1179;4576;10882965,0;10,833444745986045;42,04736484956076;0;SINESP;1111,0;68,0;0,0;3933,0;643,0;0,0;2385,0;5,63;0,466;281707,15;38,632193041603664
RS;2023;1231;4549;10882965,0;11,311255710185598;41,79927069507253;0;SINESP;1159,0;72,0;0,0;3882,0;667,0;0,0;2427,0;5,33;0,465;281707,15;38,632193041603664
RS;2024;1166;4415;11229915,0;10,38298152746481;39,3146341713183;0;SINESP;1090,0;76,0;0,0;3702,0;713,0;0,0;2589,0;5,33;0,458;281707,15;39,8637911746294
RS;2025;1035;4047;11233263,0;9,21370753983059;36,02693180067092;0;SINESP;970,0;65,0;0,0;3373,0;674,0;0,0;;4,35;0,468;281707,15;39,87567585700256
RS;2026;276;934;;;;0;SINESP;254,0;22,0;0,0;781,0;153,0;0,0;;;;281707,15;
SC;2016;2639;1248;6910553,0;38,18797135337795;18,05933620652356;0;SINESP;2265,0;370,0;4,0;1089,0;157,0;2,0;2033,0;;0,422;95736,1;72,18335612167196
SC;2017;2855;1242;7001161,0;40,778950805444985;17,739914851265382;0;SINESP;2459,0;394,0;2,0;1085,0;154,0;3,0;2207,0;;0,414;95736,1;73,129791165506
SC;2018;3259;1759;7075494,0;46,06038815098988;24,86045497317925;0;SINESP;2784,0;457,0;18,0;1517,0;229,0;13,0;2189,0;6,45;0,418;95736,1;73,90622764035719
SC;2019;4381;3078;7164788,0;61,1462614106656;42,96009874960711;1;SINESP;3783,0;592,0;6,0;2639,0;436,0;3,0;2243,0;6,17;0,422;95736,1;74,8389374541056
SC;2020;1158;2712;7252502,0;15,966903559626736;37,39399175622427;0;SINESP;1059,0;99,0;0,0;2332,0;380,0;0,0;;5,8;0,412;95736,1;75,75514356653342
SC;2021;1535;2858;7338473,0;20,91715810632539;38,94543183575112;1;SINESP;1402,0;133,0;0,0;2489,0;369,0;0,0;2074,0;;0,425;95736,1;76,65314338060564
SC;2022;1574;3303;7610361,0;20,68233031258307;43,401357701691154;0;SINESP;1436,0;138,0;0,0;2860,0;440,0;3,0;2279,0;3,7;0,419;95736,1;79,49311701646505
SC;2023;1544;3588;7610361,0;20,288130878416936;47,14625232626941;0;SINESP;1402,0;140,0;2,0;3080,0;504,0;4,0;2369,0;3,55;0,418;95736,1;79,49311701646505
SC;2024;1587;3366;8058441,0;19,69363553074348;41,769865908306585;0;SINESP;1411,0;173,0;3,0;2847,0;517,0;2,0;2535,0;3,15;0,43;95736,1;84,17348314794523
SC;2025;1180;2605;8187029,0;14,413042875504654;31,81862431414375;0;SINESP;1066,0;111,0;3,0;2161,0;440,0;4,0;;2,42;0,425;95736,1;85,51663374630886
SC;2026;332;709;;;;0;SINESP;292,0;40,0;0,0;580,0;128,0;1,0;;;;95736,1;
SE;2016;163;378;2265779,0;7,193993765499636;16,683003946986886;0;SINESP;0,0;0,0;163,0;0,0;0,0;378,0;1213,0;;0,566;21938,188;103,28013416604873
SE;2017;173;395;2288116,0;7,560805483638068;17,263110786341255;0;SINESP;0,0;0,0;173,0;0,0;0,0;395,0;1157,0;;0,55;21938,188;104,29831306031292
SE;2018;119;331;2278308,0;5,223174390819854;14,52832540639808;0;SINESP;18,0;2,0;99,0;0,0;0,0;331,0;1199,0;16,82;0,576;21938,188;103,85123876228975
SE;2019;176;619;2298696,0;7,65651482405677;26,92831065960875;1;SINESP;151,0;22,0;3,0;518,0;85,0;16,0;1237,0;15,25;0,58;21938,188;104,78057713791132
SE;2020;157;514;2318822,0;6,770679250067492;22,166427608501213;0;SINESP;143,0;14,0;0,0;423,0;68,0;23,0;;15,9;0,522;21938,188;105,69797286813296
SE;2021;175;719;2338474,0;7,483512752333359;30,74654667958677;1;SINESP;142,0;21,0;12,0;561,0;72,0;86,0;1200,0;;0,566;21938,188;106,59376243835636
SE;2022;195;789;2210004,0;8,82351344160463;35,70129284833874;0;SINESP;174,0;16,0;5,0;648,0;96,0;45,0;1281,0;12,37;0,526;21938,188;100,73776375697028
SE;2023;236;899;2210004,0;10,678713703685604;40,67865940514135;0;SINESP;224,0;9,0;3,0;733,0;119,0;47,0;1270,0;10,88;0,503;21938,188;100,73776375697028
SE;2024;248;926;2291077,0;10,82460345069153;40,41767256185628;0;SINESP;223,0;21,0;4,0;746,0;119,0;61,0;1480,0;9,0;0,498;21938,188;104,43328318637802
SE;2025;263;849;2299425,0;11,437642019200451;36,92227404677256;0;SINESP;246,0;9,0;8,0;670,0;115,0;64,0;;8,15;0,532;21938,188;104,81380686499725
SE;2026;58;177;;;;0;SINESP;53,0;5,0;0,0;139,0;28,0;10,0;;;;21938,188;
SP;2016;9901;2957;44749699,0;22,125288485180647;6,6078656752529215;0;SINESP;7961,0;1812,0;128,0;2315,0;642,0;0,0;2392,0;;0,525;248219,485;180,28278078169407
SP;2017;3825;9428;45094866,0;8,482118563119801;20,90703629100484;0;SINESP;3489,0;332,0;4,0;7382,0;2035,0;11,0;2399,0;;0,526;248219,485;181,67335251702744
SP;2018;3596;9923;45538936,0;7,896539348218412;21,790144591871886;0;SINESP;3314,0;280,0;2,0;8134,0;1781,0;8,0;2496,0;13,45;0,539;248219,485;183,46237403562415
SP;2019;3447;10676;45919049,0;7,506688564042343;23,249610417672194;1;SINESP;3191,0;255,0;1,0;8820,0;1849,0;7,0;2511,0;12,57;0,527;248219,485;184,9937324622199
SP;2020;2932;9697;46289333,0;6,33407269013792;20,9486708309234;0;SINESP;2670,0;259,0;3,0;8090,0;1599,0;8,0;;12,3;0,522;248219,485;186,48549286934505
SP;2021;2706;9802;46649132,0;5,800751019333007;21,012180891168565;1;SINESP;2486,0;218,0;2,0;8333,0;1461,0;8,0;2172,0;;0,532;248219,485;187,9350124346604
SP;2022;3176;11274;44411238,0;7,151343090233152;25,38546662446113;0;SINESP;2873,0;276,0;27,0;9588,0;1617,0;69,0;2453,0;8,53;0,499;248219,485;178,9192254588716
SP;2023;3430;12123;44411238,0;7,723270402865149;27,297144925345247;0;SINESP;3227,0;203,0;0,0;10310,0;1789,0;24,0;2592,0;7,6;0,503;248219,485;178,9192254588716
SP;2024;3537;12452;45973194,0;7,693613804601003;27,08534891006268;0;SINESP;3306,0;231,0;0,0;10484,0;1949,0;19,0;2719,0;6,45;0,489;248219,485;185,2118660225244
SP;2025;3491;12239;46081801,0;7,575658772537992;26,55929181240117;0;SINESP;3233,0;256,0;2,0;10212,0;2014,0;13,0;;5,33;0,491;248219,485;185,6494102386845
SP;2026;599;1972;;;;0;SINESP;564,0;35,0;0,0;1645,0;324,0;3,0;;;;248219,485;
TO;2016;365;0;1532902,0;23,81104597684653;0,0;0;SINESP;281,0;84,0;0,0;0,0;0,0;0,0;1244,0;;0,49;277423,625;5,525491925930965
TO;2017;408;0;1550194,0;26,31928648930392;0,0;0;SINESP;349,0;58,0;1,0;0,0;0,0;0,0;1329,0;;0,496;277423,625;5,587822594416751
TO;2018;761;0;1555229,0;48,93170073346112;0,0;0;SINESP;670,0;79,0;12,0;0,0;0,0;0,0;1359,0;10,72;0,53;277423,625;5,605971733661832
TO;2019;879;0;1572866,0;55,88524387964392;0,0;1;SINESP;766,0;91,0;22,0;0,0;0,0;0,0;1339,0;10,97;0,531;277423,625;5,669545987656964
TO;2020;166;780;1590248,0;10,438623409682013;49,048953370795;0;SINESP;154,0;12,0;0,0;692,0;72,0;16,0;;11,5;0,486;277423,625;5,7322010697538825
TO;2021;188;855;1607363,0;11,69617566162715;53,192713780272406;1;SINESP;181,0;5,0;2,0;744,0;88,0;23,0;1313,0;;0,515;277423,625;5,793893724804439
TO;2022;190;911;1511460,0;12,5706270758075;60,27284876874016;0;SINESP;177,0;11,0;2,0;794,0;97,0;20,0;1598,0;5,43;0,507;277423,625;5,448202185376245
TO;2023;838;838;1511460,0;55,443081523824645;55,443081523824645;0;SINESP;743,0;78,0;17,0;725,0;84,0;29,0;1656,0;6,12;0,478;277423,625;5,448202185376245
TO;2024;241;889;1577342,0;15,278867867589906;56,36063707173207;0;SINESP;212,0;22,0;7,0;769,0;97,0;23,0;1795,0;5,15;0,477;277423,625;5,685680157917337
TO;2025;173;690;1586859,0;10,90203981576183;43,482124120668566;0;SINESP;166,0;6,0;1,0;589,0;70,0;31,0;;4,88;0,472;277423,625;5,719985094996867
TO;2026;47;140;;;;0;SINESP;41,0;3,0;3,0;126,0;11,0;3,0;;;;277423,625;
